f_score,m_score,r_score
3,319.12,326
8,4821.6900000000005,2
5,1658.3999999999999,75
3,3545.69,19
1,294.4,310
1,300.93,375
9,1729.54,36
2,406.76,204
1,1064.6,232
2,947.61,214
6,5611.73,23
2,17381.41,33
5,3447.07,2
10,7493.81,58
6,3548.09,52
4,451.25,287
10,4665.03,3
2,552.0,110
4,1195.1399999999999,8
1,320.69,291
1,500.24,634
1,150.9,4
1,904.5,628
3,1511.15,413
7,3896.08,51
4,3347.38,60
3,1196.04,72
3,927.6500000000001,311
3,2660.82,25
2,377.5,11
2,383.15,390
4,3249.52,315
2,5292.88,130
4,1470.22,82
8,6991.05,22
3,1474.81,5
5,1628.56,185
2,425.27000000000004,29
1,1650.8,379
2,401.9,338
1,135.54,415
8,3901.11,16
3,1433.33,403
1,496.44,80
6,2520.44,22
1,234.75000000000003,591
6,2399.4500000000003,72
2,883.36,64
15,4205.17,19
1,931.43,674
2,2183.3,36
1,1435.66,46
7,1842.3,119
1,205.25,414
1,69.3,303
6,1136.9,323
2,947.36,50
1,1390.39,149
5,6242.4400000000005,22
5,1466.16,50
8,3791.77,33
7,23145.37,79
3,773.71,309
1,346.9,410
6,2404.93,75
4,854.25,67
4,532.41,217
24,24942.137499999924,24
1,202.56,657
20,5878.21,3
4,2021.2,113
2,386.61,386
1,591.99,64
6,870.4,16
12,3604.91,96
10,2292.99,1
4,3340.03,163
2,1741.41,78
2,1197.01,195
3,669.56,22
8,6396.86,26
8,5824.81,9
1,216.4,43
25,9545.54,36
4,4166.02,43
10,16634.14,1
3,1103.43,85
6,12924.970000000001,80
1,429.01000000000005,100
38,11282.4,2
2,2466.85,14
2,1140.68,683
2,739.2,462
1,155.55,367
1,144.06,3
1,365.31,732
5,3918.86,21
2,378.98,22
1,997.91,58
1,431.49,243
1,313.2,44
5,4274.89,22
5,688.2,156
8,12523.28,11
1,348.57,17
1,707.09,134
4,10420.58,56
9,5576.95,73
3,2581.04,44
7,2522.31,66
4,1502.49,71
1,396.15999999999997,605
1,296.65,456
1,626.88,155
2,937.59,19
4,1200.78,53
8,837.25,10
2,682.1899999999999,17
1,132.8,423
5,3238.74,188
2,2629.9,523
1,208.75,690
46,24942.137499999924,2
19,14937.289999999999,32
3,2573.13,54
29,11218.5,17
2,1065.64,54
18,12158.51,16
9,20254.97,23
1,545.99,4
1,473.2,11
7,4586.09,28
14,10946.31,23
27,19302.76,576
19,4069.1800000000003,17
9,5557.1,35
1,708.1,529
1,908.88,432
1,285.29999999999995,731
3,1202.66,10
1,292.53,336
20,8709.92,5
1,424.40000000000003,39
3,607.21,63
2,375.54,166
9,1563.27,16
1,277.4,641
2,45.34,620
3,5112.18,82
3,349.70000000000005,21
1,357.72,560
18,5397.37,23
1,2021.19,337
5,2964.47,96
1,230.4,584
4,689.05,18
1,774.4,409
1,73.5,233
4,1508.06,134
2,397.88,26
1,158.5,284
7,3039.03,143
1,3072.62,429
2,132.18,66
1,558.29,113
2,1597.76,267
1,278.7,353
4,2288.62,78
4,2301.6,28
5,1840.89,1
2,626.54,64
5,2342.06,79
1,543.48,143
2,156.72,39
23,3993.9,19
17,9629.95,9
3,883.73,498
3,1172.66,1
5,717.51,82
6,1639.08,9
1,316.48,528
9,3262.22,60
2,1749.6,15
1,313.83000000000004,30
2,1223.89,628
1,974.98,131
2,716.35,92
1,4235.51,59
1,612.94,409
2,638.25,29
7,11082.550000000001,22
32,19144.49,20
3,841.18,30
2,481.88,484
1,840.25,448
1,316.7,36
2,832.39,75
2,1021.5,47
3,299.58,198
1,67.19999999999999,166
5,1419.48,576
1,824.83,79
1,168.0,358
1,315.62,40
12,4070.35,8
1,384.5,449
2,599.56,50
8,12089.880000000001,16
1,269.96,8
2,525.71,311
2,1913.81,5
1,238.85,303
9,4393.32,8
1,221.24,409
1,390.3,261
1,145.92,289
1,297.65,86
15,10497.28,23
1,52.0,645
32,3152.69,2
2,519.61,40
2,904.02,9
5,717.41,227
1,182.45000000000002,316
2,568.8199999999999,457
8,2039.12,36
8,1613.15,35
4,3905.33,21
1,386.42,78
2,962.9,247
1,179.71,40
4,1820.4,239
27,12394.1,3
9,2181.9500000000003,4
2,1778.74,234
4,2020.47,17
1,104.0,8
3,718.78,39
6,3286.31,29
1,9044.86,211
3,1110.75,317
4,1723.6399999999999,92
3,382.09999999999997,109
14,4890.110000000001,38
1,281.02,505
2,450.27,51
4,3172.12,19
10,4192.09,10
13,2026.72,29
20,4385.85,29
6,542.86,190
1,153.12,59
1,613.1999999999999,22
2,236.18,79
3,1124.95,376
1,1575.31,60
1,415.79,405
9,3021.86,78
4,1728.54,23
1,1153.0,52
1,668.0400000000001,74
9,6186.65,57
1,315.6,278
8,5333.58,2
3,1023.1,95
1,352.98,29
1,137.31,22
9,3033.86,16
3,1303.41,15
35,21390.12,2
1,162.1,232
7,3315.84,276
2,569.13,106
4,4662.08,212
9,5919.28,23
6,4076.09,11
3,732.46,4
2,1181.42,386
2,1026.68,10
6,3321.57,57
2,714.88,521
7,5079.6,59
1,360.0,548
4,2624.41,90
12,7999.8099999999995,67
2,681.49,33
3,1070.17,239
3,986.1800000000001,24
1,145.9,115
3,901.06,25
11,6471.1,128
4,1894.0900000000001,130
8,3215.3,34
2,1346.97,5
35,13752.8,22
4,1039.0,155
8,2079.85,107
1,242.44000000000003,3
4,377.75,335
2,886.63,331
3,4160.83,149
5,529.98,11
1,243.35000000000002,424
8,5702.83,17
4,1338.14,11
1,632.05,19
1,73.68,30
1,227.1,11
1,162.0,436
20,6096.14,1
2,185.4,625
11,5420.04,8
3,259.6,325
1,1240.02,394
1,460.13,58
9,9906.03,12
2,1423.53,151
7,3436.29,10
1,2582.16,606
2,407.05,330
3,1140.02,5
4,1805.0,39
2,866.85,554
10,2333.09,25
2,359.1,555
15,24942.137499999924,42
4,951.02,59
4,790.81,1
44,24942.137499999924,15
46,20607.34,4
20,10445.7,4
6,2073.63,8
6,2575.08,28
1,71.14,372
1,1858.91,481
1,4629.66,114
2,1139.61,26
1,335.01,206
6,1044.4,28
1,110.95,637
7,1415.02,127
3,1663.35,70
7,1337.92,7
2,731.91,435
3,757.59,29
1,285.75,590
1,555.51,418
4,4525.99,8
6,2240.01,80
1,201.0,20
4,898.53,71
8,1719.84,7
13,11109.9,15
1,603.42,292
18,4532.46,30
32,24942.137499999924,15
3,1023.02,97
2,1213.05,612
21,5957.78,29
1,794.55,1
12,12815.710000000001,9
1,263.36,106
2,963.49,4
3,1031.71,151
1,202.25,71
2,572.95,5
29,6900.88,3
8,3616.08,32
4,962.8299999999999,85
5,686.07,4
7,2083.52,5
3,1906.76,371
11,3681.48,28
10,4905.53,11
5,923.97,71
1,417.01,114
1,697.0500000000001,522
17,24942.137499999924,24
1,218.26000000000002,180
4,2424.02,234
3,603.65,353
2,679.77,315
1,144.0,333
1,137.35,372
2,2225.63,99
1,427.6,64
1,236.07,533
1,1141.04,626
2,535.93,134
8,12793.81,56
2,723.85,487
1,254.55,541
26,8761.08,2
46,24942.137499999924,1
9,6720.76,4
1,275.88,129
1,268.27,445
1,4366.78,81
6,21320.19,23
3,1212.1799999999998,236
11,1809.06,281
1,112.07999999999998,87
9,4073.55,16
7,9903.24,117
8,4594.34,52
1,317.8,456
1,712.95,465
2,1702.52,8
2,494.08,138
1,1676.28,317
6,1299.58,472
9,8134.99,4
1,949.82,376
1,168.69000000000003,451
1,1143.6,239
2,3246.45,211
1,226.3,486
1,752.47,60
1,124.25,564
1,83.7,536
7,1546.92,17
1,27.5,668
1,515.25,458
9,1539.48,20
14,6474.11,38
1,322.4,599
2,786.74,64
11,3858.04,5
4,1293.67,2
2,1511.15,15
3,883.0,364
1,668.5,610
4,799.18,10
4,384.9,463
3,186.75,65
2,538.45,192
5,656.83,374
2,712.81,257
3,745.53,335
2,860.41,53
1,318.48,19
1,351.0,628
2,468.08000000000004,366
4,2017.73,10
1,215.15,529
2,500.25,470
1,817.42,501
5,2167.38,187
1,1017.81,393
2,325.37,466
4,1230.95,382
2,2177.36,572
1,246.15,383
5,748.7,37
3,1384.3400000000001,178
2,534.99,535
4,893.9,262
1,229.64000000000001,45
3,1621.8,502
1,85.92,102
2,863.46,148
2,420.8,96
3,570.98,281
1,1078.0800000000002,262
1,540.52,458
11,2689.52,3
2,220.8,214
2,944.48,71
18,6501.5,75
1,397.12,60
2,497.43,521
12,2800.75,3
3,430.15000000000003,6
6,1014.51,3
3,301.1,337
6,4236.32,38
3,451.11,262
2,383.03,32
1,415.18,145
1,312.38,283
41,5996.83,428
15,6422.7300000000005,59
2,639.66,173
10,2967.51,34
26,9614.72,3
7,4041.97,144
40,6937.2,5
4,1865.74,70
28,6304.47,66
4,648.6,29
4,354.09,267
2,1609.0,22
1,208.0,676
6,3002.38,31
1,330.0,446
2,276.56,97
1,311.55,295
11,3903.1,135
7,2962.57,79
4,444.19,373
6,2170.78,8
6,3688.0,211
1,140.07,383
1,575.1,459
1,54.22,693
1,68.25,620
2,977.42,426
6,2792.5499999999997,52
2,299.57,138
4,3277.27,26
3,1092.35,283
13,7829.26,26
8,2043.76,186
1,337.66999999999996,682
3,1559.3,375
3,744.02,84
12,3283.96,327
3,2027.3,282
2,873.42,385
5,433.44,143
4,3733.19,58
20,2942.14,4
2,854.99,236
3,573.22,45
2,640.13,382
1,115.75,276
2,1463.04,9
4,697.07,25
1,164.55,88
3,1160.42,63
2,1378.4,68
1,220.20000000000002,384
2,354.12,214
4,385.46000000000004,381
2,701.82,24
11,459.8,186
1,263.38,397
1,176.55,31
1,150.15,575
2,372.8,42
4,514.25,205
2,296.21000000000004,464
1,345.4,414
1,340.33,422
28,7279.8,9
1,130.28,265
1,833.53,429
2,496.06,18
2,1012.02,577
5,2919.81,12
2,494.51,396
5,426.24,176
8,2667.39,40
13,5756.2,23
1,1592.52,552
5,1662.3,3
13,5931.9400000000005,5
1,223.98,401
4,975.1,149
7,4469.13,139
6,4359.2,128
6,1335.19,8
4,478.24,17
46,24942.137499999924,9
1,405.38,161
3,769.17,64
12,2184.25,88
3,727.0799999999999,5
4,1516.39,411
1,193.10999999999999,395
12,4287.61,35
1,113.45,312
2,415.8,78
46,24942.137499999924,22
8,1698.56,539
8,1632.43,24
1,114.45,737
15,4243.86,2
4,1063.9,17
9,3097.61,15
1,114.14,26
20,21098.940000000002,64
2,888.09,55
1,377.49,724
3,671.4,131
2,489.29999999999995,558
2,604.51,36
2,900.11,288
1,324.45,437
6,1486.69,144
9,2317.43,16
22,15518.300000000001,31
3,1802.68,2
15,3205.32,9
4,1370.99,6
2,812.16,10
1,162.45,639
11,4757.16,1
4,517.69,306
13,8664.17,10
2,467.34,400
1,147.75,484
4,1294.3500000000001,414
1,211.99,379
2,266.39,7
12,3235.79,8
1,132.24,437
1,769.8100000000001,89
1,160.18,10
3,2594.52,358
1,135.95,112
1,122.45,603
10,1452.54,7
46,14772.24,4
4,1146.0,414
1,121.05000000000001,414
2,401.75,198
6,2070.29,437
8,3156.38,212
4,391.18,156
5,2502.82,385
1,511.5,729
21,9541.380000000001,158
2,372.21999999999997,30
8,2740.61,243
1,490.08000000000004,598
1,97.5,19
2,1232.54,1
10,2729.84,429
5,1275.01,74
1,505.82,292
33,10344.15,3
7,955.5,31
3,737.62,23
1,93.35000000000001,725
8,1259.6299999999999,23
3,974.4200000000001,4
1,211.32,85
1,353.3,376
8,2078.71,22
3,920.08,493
3,455.88,196
4,1032.5,107
33,23804.45,4
3,414.13,318
3,149.05,106
36,11648.65,12
4,999.68,174
1,81.57,56
1,175.25,580
3,612.13,323
1,234.0,673
2,330.12,374
1,50.550000000000004,372
11,2957.83,9
29,11033.87,1
11,5381.08,11
11,5992.08,53
3,773.09,73
1,204.0,7
35,9595.71,16
6,1229.95,379
2,618.96,563
17,4848.64,4
1,50.3,430
3,1227.23,64
2,551.67,471
1,323.39,732
9,1693.24,1
19,4930.56,114
2,661.3199999999999,23
5,1268.5,31
2,727.54,11
5,3286.24,407
9,2801.56,52
2,220.55,357
3,754.62,55
3,1364.2,74
1,307.1,685
12,3886.15,138
3,908.46,80
4,1010.73,584
2,676.99,9
4,799.13,451
3,1478.19,598
1,498.82,273
11,4837.65,291
3,808.92,99
3,877.0,31
23,8389.78,57
9,4049.13,14
4,1408.24,64
34,11817.89,15
2,155.8,579
7,3096.88,212
1,127.65,622
4,2321.11,78
1,205.28,551
3,709.59,530
3,271.40000000000003,25
10,2289.57,250
1,307.53,254
1,248.61,72
1,314.49,191
1,188.4,481
6,1547.39,13
5,1055.05,373
2,456.40000000000003,24
3,508.51,82
2,344.0,10
38,8043.17,1
4,751.7,192
1,129.22,612
1,177.15,267
2,405.48,411
4,1262.98,511
1,919.61,130
1,135.4,458
11,2740.65,1
46,24942.137499999924,3
6,419.18,4
4,280.73,179
28,24942.137499999924,12
21,5101.59,126
3,391.23,4
1,122.39999999999999,492
8,2433.28,158
1,439.33000000000004,383
1,313.64,726
1,236.11,417
46,24942.137499999924,3
23,12891.34,9
2,1108.8,28
12,2140.28,71
46,24942.137499999924,276
13,2209.44,21
1,74.39999999999999,71
1,76.5,394
27,12858.36,33
28,24942.137499999924,1
1,103.67999999999999,99
4,695.4,234
37,11274.9,1
3,709.64,40
9,1709.1,3
1,72.0,436
2,414.41,133
9,5253.07,44
2,748.46,373
3,1134.03,60
12,2923.8700000000003,31
1,321.88000000000005,719
1,20.6,541
37,17754.07,1
1,232.18,731
10,5413.1,12
1,494.74,138
18,2232.46,22
9,2403.16,20
1,134.9,669
1,30.599999999999998,239
1,283.73,269
2,922.39,94
2,506.75,473
4,4610.06,90
1,148.62,524
13,3763.41,5
1,259.17,78
1,263.5,631
2,231.99,452
1,64.0,94
7,3313.77,23
1,77.3,262
3,200.45000000000002,274
6,2386.43,86
2,372.93,197
13,6274.56,56
16,7582.74,11
7,1274.01,22
8,8168.34,16
5,1031.12,108
17,7645.48,85
1,307.09,19
1,405.1,585
2,135.35,333
7,846.27,40
1,228.91,26
4,712.8000000000001,10
26,8415.92,29
4,1676.06,14
3,423.57,484
3,2398.51,296
7,2112.78,417
1,486.22,6
3,1624.84,399
6,1366.08,33
3,1566.54,385
9,5687.36,49
5,1508.18,95
4,1429.35,9
1,91.8,22
2,472.13,313
16,9275.49,122
1,17.65,610
2,372.2,569
3,1451.16,46
2,875.93,283
5,1113.15,19
5,1840.73,36
3,840.08,64
1,108.81,27
3,409.51,22
1,69.6,400
11,2372.57,4
11,7887.81,16
2,777.05,582
1,474.09,46
2,512.2,65
21,14059.19,26
1,572.3100000000001,619
1,86.10000000000001,607
1,359.69,381
1,121.18,45
15,7036.18,8
10,1667.95,15
1,71.4,268
3,1575.89,40
4,328.36,337
1,112.35000000000001,11
2,260.68,19
3,491.46000000000004,544
1,159.21,658
6,2544.18,95
1,107.88,61
2,472.78,136
1,136.73,414
7,3018.84,11
1,318.61,610
8,4852.83,10
46,14069.53,4
4,870.09,19
4,1233.06,502
7,1547.1,394
10,2621.05,10
1,955.26,731
1,1576.8,443
13,8297.31,400
4,535.86,15
8,1951.82,59
13,8501.11,30
1,353.48,94
10,2618.77,10
3,762.33,20
11,3822.92,57
7,3262.03,418
1,81.6,402
1,333.74,268
4,610.3000000000001,122
1,62.63999999999999,127
1,76.23,618
5,1336.0900000000001,78
2,842.66,240
1,88.5,577
6,969.1200000000001,200
2,2139.03,60
16,15669.51,3
2,312.46,273
1,257.7,202
1,358.0,81
1,160.95,226
30,5927.51,4
7,1306.75,13
4,1176.46,74
2,346.5,673
1,1022.6700000000001,212
2,738.45,25
1,643.0,388
6,994.38,17
5,1581.49,262
8,1455.39,96
1,112.53,412
7,699.4,112
5,1218.18,203
1,121.74000000000001,93
2,989.22,51
11,3351.75,18
4,501.12,18
2,465.68,125
9,1608.93,92
2,253.09,461
1,252.68,402
2,382.3,394
4,2951.11,157
1,51.410000000000004,376
3,676.5600000000001,9
1,132.95,436
5,1009.43,12
9,1392.19,62
1,557.62,61
2,944.1,269
3,573.45,263
38,8638.68,1
1,718.36,443
5,2061.06,53
19,6034.2,11
36,9420.41,3
10,3125.5099999999998,18
28,8537.32,1
1,424.8,366
1,211.49,37
2,276.56,31
1,138.98,113
1,360.85,409
2,236.66,384
5,1868.71,64
7,523.3,16
4,1423.15,41
1,137.75,78
7,2273.93,122
1,350.85,439
4,1295.5900000000001,18
4,373.36,60
1,201.19,331
6,3351.99,23
1,726.51,600
3,781.59,603
5,927.61,443
1,301.55,724
11,3259.9900000000002,156
5,987.31,39
6,1192.94,392
3,1645.1299999999999,190
4,1101.97,360
6,792.51,137
7,4365.42,8
1,360.0,1
3,1214.5,268
3,1259.1100000000001,169
4,600.19,104
2,153.0,155
1,61.72,400
4,1192.99,351
16,3612.21,4
1,53.65,430
3,273.34,120
4,1640.13,23
6,1706.3700000000001,7
5,1541.2,28
2,594.37,4
1,124.75,451
12,3440.84,22
3,775.94,2
1,310.26,689
10,10497.460000000001,37
19,6478.89,66
3,640.76,1
46,21246.420000000002,5
6,2211.6,78
2,544.16,72
1,199.48000000000002,17
5,787.85,3
18,10109.789999999999,36
1,675.3,82
1,281.76,432
19,9052.87,39
1,1308.48,316
8,4808.77,32
6,2768.9,93
1,191.0,402
1,350.9,14
3,1015.74,411
5,6201.8,82
1,795.12,77
1,1571.06,546
4,2266.9700000000003,158
1,849.52,201
12,18524.78,45
1,771.65,261
1,303.43,178
3,2149.19,68
1,339.5,288
6,299.4,463
1,291.36,70
1,233.76,64
1,197.32,11
2,841.92,16
1,323.94,66
1,347.97999999999996,60
1,743.53,71
1,674.7,122
1,750.84,80
5,3768.81,257
1,389.03,269
2,943.3100000000001,64
4,1499.45,432
2,1450.5,472
7,5394.07,9
3,1619.66,18
1,134.95999999999998,71
2,2208.57,34
1,56.160000000000004,50
1,460.20000000000005,432
4,1013.1,257
1,258.28000000000003,366
1,754.87,372
2,2239.06,505
1,328.64,90
6,7487.35,61
2,372.8,415
2,1792.23,89
3,869.76,99
2,1415.48,397
3,572.56,26
1,62.4,433
12,8192.97,32
5,1387.58,281
1,152.64000000000001,544
11,6556.91,31
1,505.77,330
2,835.46,414
1,181.84,417
3,1144.25,131
3,795.71,11
1,544.08,75
1,51.0,204
1,91.14,677
4,1131.45,584
19,6621.7,2
3,1113.35,185
2,1348.74,29
10,3094.27,73
2,670.34,192
3,275.4,464
1,310.83,583
4,1226.8500000000001,127
3,229.5,18
2,252.49,1
5,1138.33,204
2,568.92,427
3,2244.7,579
46,24942.137499999924,2
9,2161.16,24
1,213.55,107
1,481.15,620
6,429.44,640
6,1573.02,134
4,784.17,473
3,940.8000000000001,44
6,1665.09,5
31,11228.36,12
1,221.06,64
2,159.85,150
8,4041.05,40
1,2615.5,64
1,217.03,429
1,572.77,450
5,3388.1800000000003,108
22,8167.38,1
6,1006.53,19
3,478.54,10
4,1006.8,11
2,679.45,19
8,3307.44,67
2,436.55,571
4,658.3199999999999,501
5,1666.8600000000001,74
9,4447.33,5
1,192.69,2
7,3322.06,14
1,46.5,547
3,984.41,255
7,1295.25,423
2,720.9,92
3,349.07,667
6,1133.37,449
2,619.08,374
1,241.89999999999998,626
11,3881.89,430
3,1125.24,23
12,8375.42,17
1,291.88,24
13,4120.04,27
11,7084.72,26
3,76.5,259
3,781.6899999999999,166
1,219.87,641
6,2212.9900000000002,25
6,1756.0700000000002,18
2,148.22,689
16,11959.27,7
2,1160.4099999999999,625
2,183.44,29
6,4039.04,39
5,1153.85,253
6,3087.04,58
2,931.12,446
5,1013.35,184
2,1069.71,11
46,12738.28,2
1,82.4,653
2,165.0,99
4,2493.44,1
2,592.24,464
8,2653.36,61
3,640.39,236
4,1417.38,191
5,1824.3700000000001,179
11,2819.17,38
5,2176.18,469
4,851.37,201
2,627.82,417
11,3830.84,46
2,336.09,232
1,140.34,66
3,790.72,241
11,2966.2200000000003,233
3,1122.41,78
5,846.87,58
23,14122.71,17
4,370.32,105
1,149.85,654
27,4459.26,52
3,1269.84,136
2,498.63,275
1,316.26000000000005,312
10,4863.31,8
2,653.33,11
6,1166.83,283
1,327.38,730
5,1131.27,18
4,1466.3,23
3,2885.11,288
5,780.5,17
5,1774.84,71
1,295.93,64
4,3633.63,73
5,1338.08,316
4,2476.96,3
2,287.05,244
7,1099.72,9
11,4531.09,1
1,249.56,677
4,713.39,261
3,824.59,127
4,807.5,74
6,1265.82,73
4,1678.81,21
3,2128.42,60
1,627.16,86
2,343.21,78
11,5441.8,59
3,1066.07,1
1,125.80000000000001,30
6,4185.67,33
5,675.6800000000001,41
2,582.38,15
2,1006.3199999999999,738
12,4541.29,34
2,282.56,79
1,402.97999999999996,634
6,1433.07,205
1,210.31,34
3,269.09,183
35,7720.9,2
1,89.5,403
7,3444.39,1
2,717.85,426
12,3103.13,43
7,1560.96,86
3,632.39,467
2,785.25,427
17,3955.29,377
2,1439.6100000000001,634
6,790.2,40
2,364.93,391
5,1086.24,12
1,164.53,408
3,901.44,96
8,1005.8,26
1,342.55,383
2,244.2,319
22,6944.52,66
1,496.4,675
7,1614.55,380
13,8887.44,74
2,200.82,429
13,3032.26,28
4,594.52,6
2,726.0,513
1,171.42000000000002,7
11,1799.2,216
8,4838.18,82
2,548.63,84
36,15797.62,354
3,414.8,19
5,1684.75,41
4,1076.09,428
1,187.05,173
4,720.84,17
1,239.49,243
26,4515.66,13
1,1384.25,206
6,897.3100000000001,50
1,404.45,411
5,732.0699999999999,23
28,11185.79,10
11,3484.28,25
1,147.66,409
5,1374.34,15
1,80.55,406
2,280.53000000000003,309
2,241.68,390
2,1445.03,156
3,385.7,307
3,684.54,531
1,127.28,541
4,1527.1,64
9,2470.55,16
6,1089.49,15
18,6322.12,11
7,2091.7400000000002,65
4,241.56,36
14,5467.49,108
2,533.32,53
3,784.48,517
2,664.11,6
2,396.71,400
5,761.96,47
33,9661.6,1
2,500.82,312
4,1159.99,45
4,1025.17,65
1,164.34,26
1,698.42,659
2,522.67,387
3,274.55,29
2,1075.81,40
1,232.05,541
1,128.15,593
14,2075.86,12
10,3289.53,89
1,818.29,633
5,1039.8500000000001,453
6,2269.7400000000002,24
8,5953.4800000000005,319
2,273.45,568
8,1272.35,40
1,177.34,174
2,223.44,545
1,112.34,528
1,213.85,117
1,654.75,696
10,2526.66,31
1,401.6,388
1,301.26,597
2,698.64,253
7,2192.82,59
1,310.14,676
19,12300.36,23
7,2031.78,5
11,3070.42,100
8,3633.4100000000003,25
15,4981.68,33
4,2999.16,68
5,945.22,37
3,803.05,52
1,122.64,16
2,1346.27,74
1,405.0,611
4,942.37,641
4,464.8,216
10,2135.77,31
4,2599.71,16
1,252.1,120
2,321.85,400
8,3041.68,10
8,1759.07,400
6,1442.28,257
10,3288.0,17
2,205.45,40
5,2262.05,46
1,152.2,488
11,6270.0,43
6,2280.51,114
4,1078.85,165
2,379.89,11
9,5878.7,10
12,4725.03,206
1,301.24,400
1,325.24,603
11,2208.41,86
5,2030.71,179
3,1703.26,386
5,127.05,60
1,299.05,149
35,12797.7,3
3,413.55,51
1,349.7,75
1,172.6,395
3,419.92,301
2,370.24,19
1,240.68,433
2,486.82000000000005,151
2,243.9,539
2,551.24,405
1,226.84,152
3,281.26,494
12,11419.67,1
4,827.83,18
1,59.5,187
1,258.6,458
4,594.88,286
7,943.96,3
3,409.04,183
1,974.88,438
1,375.5,635
2,1259.5,63
1,161.25,59
1,210.78,396
5,3086.8,25
9,1990.82,374
46,24942.137499999924,4
16,2761.73,31
3,1994.0,422
1,151.29999999999998,39
2,397.33,597
2,757.5500000000001,155
13,2596.9700000000003,26
1,161.0,447
1,135.18,446
2,425.56,318
9,2303.86,5
7,1564.94,8
2,608.37,303
5,3336.06,267
1,283.33,271
18,7519.400000000001,4
3,509.52,32
9,1782.66,219
2,736.18,247
3,711.96,408
1,161.35,465
17,8153.04,281
1,138.28,269
8,1754.9,32
2,306.55,246
11,2742.85,15
4,797.65,117
2,741.54,36
10,5587.57,132
6,1185.68,217
1,213.01,637
8,1936.56,50
2,1079.6599999999999,39
8,938.75,29
16,2852.9700000000003,37
3,720.33,436
2,752.6,136
2,603.99,219
1,491.86,28
2,487.03000000000003,411
4,2522.09,509
13,9738.17,25
7,2733.47,5
1,339.59999999999997,200
1,432.58,396
2,292.2,18
5,1563.77,241
3,668.4300000000001,72
12,3056.4700000000003,17
7,1327.6799999999998,3
2,1080.52,95
2,777.36,162
1,176.69,414
2,169.79999999999998,374
9,2051.55,96
11,3602.1800000000003,54
1,296.25,288
7,1559.38,124
4,2094.57,288
3,447.05,152
9,2079.01,4
23,8531.75,2
1,195.55,675
14,8550.85,12
2,659.4100000000001,33
5,1363.6399999999999,54
6,1952.17,50
5,2391.84,219
3,5182.88,63
6,2908.67,71
1,338.42,653
1,190.35,495
46,24942.137499999924,2
2,875.97,727
20,5459.12,2
4,764.97,422
9,5697.02,64
8,2962.42,34
2,301.54,397
1,342.8,82
1,1049.66,591
46,24942.137499999924,1
4,1124.49,103
1,161.13,516
3,721.27,7
3,778.83,251
13,1765.08,13
4,787.56,488
14,2599.19,10
4,542.49,429
6,3127.99,367
6,1216.3,76
1,3.75,505
1,239.45999999999998,388
1,348.8,4
2,1434.8,128
3,383.95,66
1,96.0,647
1,126.03,547
4,755.66,388
1,289.7,499
3,1179.45,437
46,24942.137499999924,1
9,2769.0099999999998,117
3,1659.96,310
1,322.6,67
19,24942.137499999924,139
3,1338.91,255
9,3152.72,31
2,852.4399999999999,52
1,256.38,64
3,405.6,367
5,1713.26,6
3,610.1,305
2,802.3100000000001,29
2,519.75,184
3,485.0,42
8,2387.4700000000003,40
3,2232.12,92
8,6390.38,22
2,472.47,24
2,328.98,29
1,61.28,430
6,2642.35,302
3,652.75,418
6,1344.68,145
2,628.1,6
7,3298.4500000000003,19
12,3314.76,33
2,255.59,622
1,189.5,176
3,397.0,58
1,209.49,22
1,102.0,421
1,148.45000000000002,582
18,6583.34,16
2,609.89,19
2,700.41,159
2,319.99,577
7,1091.07,25
2,620.37,399
2,266.59000000000003,212
10,1690.07,6
1,139.95000000000002,486
1,651.4,416
1,85.0,253
18,5217.74,59
1,319.75,381
1,361.62,11
1,312.98,65
4,1303.89,25
1,307.52,720
8,503.64,92
5,3461.7,52
1,1595.48,129
8,3958.46,96
1,187.35000000000002,611
1,1072.54,57
39,11921.36,9
4,1310.3400000000001,501
11,1142.03,169
6,993.71,393
1,216.17,57
2,499.06,326
5,1245.9,1
2,273.26,429
9,2556.09,18
4,1237.35,248
1,496.8,387
4,501.56,58
1,145.67000000000002,74
3,1005.09,31
2,765.3,7
10,7951.67,123
15,5703.68,2
17,7885.85,23
3,913.37,527
8,1034.72,120
7,1934.15,358
14,4532.12,54
1,122.7,64
3,447.48,86
4,2408.5,55
1,395.5,646
17,4281.06,21
43,24942.137499999924,4
5,1145.03,3
14,6505.57,11
10,1825.03,7
2,506.8,189
1,243.56,71
1,349.55,204
7,1992.99,120
6,1991.23,93
14,2927.38,1
3,852.01,378
6,848.97,27
1,821.1,298
3,564.62,24
6,3911.32,28
1,388.55,626
3,1160.72,50
2,686.4,326
2,388.52,16
6,1608.39,183
15,5543.74,72
5,2095.74,632
1,165.45000000000002,400
2,332.64,37
1,312.65,733
1,42.0,409
1,136.8,692
4,2319.55,80
2,280.65,423
20,4197.19,57
1,124.95,424
1,39.019999999999996,507
2,626.45,12
1,70.80000000000001,394
4,1149.16,464
2,272.04,50
2,1063.56,50
4,1248.48,59
4,1774.68,432
4,724.3,402
3,865.2,352
1,351.13,54
6,1830.45,2
4,641.85,93
1,196.65,23
2,708.26,75
4,460.17,11
11,3390.42,169
2,337.34,58
11,5192.7,96
1,305.2,295
2,608.7900000000001,109
1,922.1,264
3,6070.52,597
3,927.46,180
2,880.13,169
1,71.66,35
7,1560.96,23
4,839.14,17
15,9769.74,22
1,46.08,535
1,246.54,578
1,200.43,653
2,849.75,395
6,1489.27,79
1,90.6,65
4,548.76,361
6,2427.32,3
4,717.61,11
3,674.45,176
14,12806.32,218
12,2425.68,7
2,416.72,2
3,544.0699999999999,154
5,1002.07,5
3,458.25,418
8,4694.43,380
6,1064.77,79
2,230.22,21
1,534.0,392
3,351.40000000000003,22
17,2825.57,308
2,438.9,387
3,994.41,477
1,323.78000000000003,435
2,166.3,146
1,123.66,423
35,12672.91,7
2,776.95,386
14,4664.37,19
2,190.25,71
1,264.7,287
2,677.72,49
12,5256.4,31
4,1192.36,207
1,519.8100000000001,411
2,196.79000000000002,15
7,3362.23,73
5,762.42,60
1,331.14,416
9,3954.29,39
21,5960.39,30
12,1613.96,27
22,10006.06,4
1,300.3,17
2,682.54,380
8,4696.95,20
5,2010.9,66
1,311.3,213
6,851.88,12
3,219.5,30
19,6665.46,43
6,2274.14,4
14,3893.61,15
2,845.76,386
3,373.26,519
3,543.5,447
29,9502.26,10
5,2046.3400000000001,211
9,4228.85,46
2,523.33,134
1,209.41,733
11,6188.05,43
5,2834.4,10
7,2193.47,116
1,79.48,513
1,509.04,432
3,1099.91,198
2,445.15,565
2,457.82,480
1,328.8,278
5,1084.57,110
3,1925.8899999999999,77
1,917.34,53
11,11148.76,162
1,229.75,571
1,367.15000000000003,645
3,1421.61,47
4,1249.01,17
7,1708.18,155
2,792.15,225
2,584.07,7
3,645.74,122
8,3923.5,465
2,713.11,471
1,104.82,61
3,1879.1999999999998,550
2,467.66,63
20,7041.65,18
44,24942.137499999924,7
16,4520.49,2
1,27.36,555
3,612.09,22
9,2792.5,29
1,626.65,285
6,836.95,176
5,3069.88,78
2,267.28000000000003,33
35,12516.61,41
1,141.41,266
1,427.58,725
2,302.6,491
10,2955.47,27
16,10204.26,109
1,151.59,284
14,3968.11,9
3,721.49,305
13,12684.1,17
2,746.36,32
37,21768.73,1
2,462.46,20
4,572.3,124
1,92.46,65
3,1520.96,106
23,8152.71,1
22,8217.78,24
2,469.19,463
1,183.6,267
30,8898.24,5
3,889.63,507
24,24942.137499999924,10
7,8441.02,687
15,2887.2799999999997,29
3,891.02,389
1,152.55,267
2,368.5,64
4,1516.72,320
2,221.61,515
1,304.4,685
8,1418.55,4
1,390.85,667
1,151.04,32
1,219.39999999999998,623
5,1697.67,5
1,114.47,129
6,615.0799999999999,41
9,1549.62,102
1,368.7,125
5,877.08,33
10,4823.97,302
2,413.36,365
11,1077.99,4
1,150.5,512
32,9689.67,2
1,12.75,463
3,821.0699999999999,3
16,24942.137499999924,10
1,158.75,57
1,76.32000000000001,325
2,5460.08,654
24,7225.05,8
1,433.86,12
1,309.57,440
1,2.95,723
17,24942.137499999924,4
2,418.46,481
1,147.35,37
20,5746.71,16
1,191.95000000000002,138
13,8508.53,74
5,1105.8799999999999,5
5,652.68,155
5,5988.83,239
1,214.79999999999998,737
11,4877.3,52
4,1041.06,31
1,144.2,73
33,12987.95,4
4,690.6,14
13,5834.59,23
16,7001.81,4
7,1321.29,274
2,622.6700000000001,502
5,1382.74,20
1,90.0,144
1,458.45,429
2,183.37,376
4,2751.75,4
3,349.22,406
1,436.18,733
1,211.68,84
3,2699.98,11
4,1015.3700000000001,8
6,1868.68,123
3,924.21,61
9,2591.34,2
4,1849.37,319
1,168.22,649
11,3586.0299999999997,2
4,827.54,130
15,10982.3,383
24,8394.79,2
5,1570.81,401
1,332.7,696
2,965.8800000000001,2
4,1086.8,46
2,935.05,4
4,915.13,3
2,671.34,373
1,115.8,134
1,30.599999999999998,486
7,7600.05,47
12,9397.7,9
9,2590.2,78
2,466.29,234
1,446.62,221
2,658.64,36
2,679.45,673
7,1997.3400000000001,75
1,233.4,483
8,6214.05,239
1,118.75,266
46,24942.137499999924,10
5,978.69,20
1,507.66,40
20,7742.48,20
7,8309.57,610
7,2994.73,216
2,289.36,174
5,2513.82,87
2,1531.53,71
1,120.44,276
2,251.15,505
8,1274.29,39
2,370.45,421
2,603.51,431
3,557.78,375
2,498.79,98
3,364.82,605
6,581.8,11
1,134.46,33
8,7600.4800000000005,60
5,756.46,297
13,2209.69,86
7,1580.26,9
2,701.57,41
33,5413.05,11
2,308.35,411
4,678.77,444
2,278.34000000000003,411
1,452.89,67
1,45.4,331
5,1550.63,427
1,123.5,474
6,2054.36,31
16,5439.15,2
1,25.5,666
15,4817.66,2
1,293.74,388
3,1210.19,68
36,18620.19,5
6,1907.8,202
1,335.52,107
1,385.85,411
9,1545.33,18
4,1091.7,218
1,379.2,617
10,1193.54,60
3,725.16,381
1,339.34,397
4,1024.83,2
9,2401.0,17
3,1185.01,239
1,157.8,688
2,567.05,95
15,4915.47,11
16,5552.37,106
18,4402.29,53
2,2109.5,90
1,1192.2,405
5,995.98,31
9,3174.53,12
5,2135.54,3
23,3247.39,2
1,169.48000000000002,43
3,629.43,4
4,1515.0,247
17,6489.99,42
1,683.17,177
3,991.13,92
9,1688.26,110
4,2028.87,435
6,2953.53,29
15,6361.76,26
3,718.3000000000001,438
7,2558.04,52
3,979.8000000000001,436
4,1181.22,184
5,2048.07,43
7,2857.87,49
4,754.12,22
9,4717.99,75
5,1555.34,81
2,462.74,373
3,434.23,326
21,4254.77,43
3,1236.89,30
2,333.70000000000005,184
2,280.55,235
17,7174.95,9
1,305.94,661
2,1691.25,220
3,1474.06,111
5,751.36,278
3,1032.95,318
12,5345.06,411
3,1904.05,7
5,2879.7000000000003,2
1,156.49,381
2,363.40000000000003,493
1,601.03,433
5,2440.79,260
9,5831.41,64
25,24942.137499999924,9
1,120.0,142
3,820.08,471
2,1163.45,51
8,2618.23,8
1,322.93,423
6,1479.76,155
4,1351.75,109
1,40.56,428
3,1507.44,163
1,354.85,471
1,295.73,439
1,492.65000000000003,332
2,214.18,226
4,920.81,74
4,559.97,51
1,256.6,686
6,1189.3799999999999,396
7,2096.08,99
8,5822.4,15
1,205.83,410
2,191.86,521
1,134.04,197
1,245.15,408
25,7250.76,3
4,628.4399999999999,463
3,1295.45,31
8,3280.2200000000003,21
7,8449.52,24
3,176.63,8
1,426.6,213
6,911.26,9
8,4489.360000000001,11
23,7854.5,2
16,9217.85,8
9,2890.4100000000003,3
1,375.34,407
4,2352.91,40
2,456.40000000000003,421
4,1305.33,18
46,24942.137499999924,8
27,13971.37,8
1,43.2,19
4,1956.8600000000001,117
3,742.9000000000001,431
2,277.94,407
3,1721.81,223
3,1856.71,71
6,3093.16,51
10,4275.32,89
11,3728.85,8
1,492.1,433
2,514.25,243
11,3006.69,47
2,229.8,107
8,3162.02,45
5,856.26,422
1,508.58000000000004,65
1,158.02,460
1,494.85,424
5,1327.95,207
7,2211.66,11
4,474.1,429
2,605.0600000000001,115
2,701.61,410
1,245.48000000000002,570
3,940.98,242
6,1894.93,163
15,9746.98,17
1,200.63,624
2,462.65999999999997,124
5,1917.41,23
1,415.2,68
12,4318.48,17
2,454.86,16
4,1614.91,17
3,928.1,161
2,620.27,243
1,134.7,219
18,4443.62,45
6,914.24,21
4,1079.66,421
20,2965.85,127
1,108.97999999999999,39
5,2243.5,121
1,82.6,737
1,409.57,260
1,133.5,10
3,934.43,274
1,51.0,165
4,1065.96,157
3,376.5,215
2,163.62,6
3,840.0500000000001,366
2,674.83,80
1,225.12,43
2,400.06,389
3,907.98,19
4,2088.93,32
1,214.70999999999998,579
1,151.5,22
2,227.47000000000003,402
8,3717.35,109
2,634.68,395
1,136.0,525
16,9227.82,8
1,150.6,320
2,469.13,642
6,1060.38,451
1,100.5,295
2,860.08,443
1,64.35,358
1,104.80000000000001,541
3,1078.62,185
1,215.46,683
2,586.65,191
1,131.25,622
4,1225.16,44
2,625.9399999999999,52
2,1188.19,26
3,1247.69,38
1,58.5,501
3,202.11,9
1,142.4,297
3,1695.4,33
16,6388.2,10
5,1898.01,65
13,6120.63,10
1,135.6,577
1,266.4,432
1,67.95,218
1,93.8,565
20,7801.93,2
7,1969.38,65
19,2612.96,3
2,707.79,401
8,2108.21,394
3,1697.91,149
22,6795.9,4
1,285.6,652
6,1880.51,130
13,2648.53,34
1,195.0,387
1,156.75,119
5,2058.69,107
11,4102.27,11
9,3404.09,71
11,2630.9,92
1,1027.8000000000002,311
3,1426.19,43
3,419.52,362
8,2312.61,92
23,11905.29,1
2,490.22,22
1,522.45,388
3,1910.05,4
7,1254.64,11
4,1626.57,99
6,2469.37,57
19,10218.92,1
3,916.6099999999999,218
1,322.08,18
3,661.39,435
17,11450.14,24
4,981.27,50
5,1203.01,7
1,516.28,404
3,1220.9,512
4,2614.2,303
6,2248.5,10
1,280.7,466
6,1372.8,22
1,90.42,502
2,271.70000000000005,99
5,864.94,366
1,131.9,306
5,9310.24,320
13,5968.83,8
11,4577.99,1
7,4829.52,205
5,2059.77,54
1,120.44,456
1,221.65,456
5,1195.48,1
6,1711.73,19
2,375.35,9
8,2230.96,19
7,1128.44,181
12,3235.88,60
4,654.75,11
1,119.93,190
5,968.7,376
4,617.72,432
9,3014.32,5
1,113.64,311
1,219.26999999999998,381
2,5366.9400000000005,155
9,1074.96,110
13,6633.32,148
12,2224.21,66
4,784.3199999999999,98
2,111.0,568
11,3616.4500000000003,247
13,4264.95,29
12,2198.84,18
1,204.24,734
4,2070.46,416
3,685.34,12
2,400.95,591
9,2086.92,104
2,234.34000000000003,74
2,1246.69,46
4,1151.15,72
1,193.0,257
7,1969.6,20
4,1269.46,382
4,1121.51,254
4,1296.32,11
5,2284.69,165
12,4262.5,18
2,257.1,282
4,1070.98,50
1,162.8,39
2,175.5,512
7,1242.67,27
1,1064.28,68
4,1565.73,207
2,1273.47,406
2,340.93,175
7,1921.91,430
10,4976.26,7
3,401.46,26
3,174.8,51
7,2320.4900000000002,312
2,697.0600000000001,309
10,3648.98,43
7,2101.79,26
3,356.85,88
2,251.21,184
11,2418.39,20
6,3532.46,3
4,673.26,47
19,11800.18,17
7,2955.85,17
11,3195.7400000000002,24
5,820.72,22
1,110.95,534
3,979.85,376
5,1302.56,11
7,1191.57,188
6,753.45,101
9,4377.84,61
12,3716.86,18
1,151.17,516
2,330.45,33
1,170.17000000000002,64
2,203.14,684
2,270.6,2
1,199.45000000000002,491
8,1748.42,24
1,241.09,108
13,2798.61,32
17,7971.19,20
1,258.65,389
46,24942.137499999924,3
1,364.21999999999997,37
3,576.41,60
16,5999.55,26
1,376.34,480
11,3841.58,236
11,3183.17,25
26,6130.66,3
9,5956.49,60
1,170.95,260
2,641.4,58
5,1171.64,65
2,537.48,16
11,3697.44,10
14,2491.38,59
1,103.25,186
39,14298.94,29
3,2934.33,24
1,349.25,674
11,5176.44,5
8,3924.4500000000003,4
9,2541.29,151
4,913.6,311
4,1342.8600000000001,11
7,878.09,18
3,507.93,152
9,1664.15,19
4,2265.09,10
6,2304.03,57
3,815.69,596
1,788.38,85
3,630.3,654
1,75.6,390
44,5952.75,7
3,1080.76,76
26,6544.150000000001,4
2,604.82,510
2,2588.82,435
5,3709.2200000000003,96
4,3229.04,111
2,1530.3600000000001,57
1,919.7,435
4,595.13,1
3,512.4,281
1,160.0,425
11,5495.9800000000005,3
13,2099.12,180
1,143.70000000000002,733
1,420.22,488
1,35.400000000000006,372
7,1364.15,13
1,168.63,3
1,105.56,432
1,14.850000000000001,518
2,409.65,17
1,114.11,41
8,1660.29,6
8,1720.96,169
5,1143.27,50
1,237.36,277
9,1580.29,19
1,135.39,578
1,39.75,372
20,2993.37,425
4,1311.81,15
3,555.74,35
12,3658.0299999999997,22
2,363.33,7
8,2164.45,20
1,195.02,627
6,2184.63,11
2,384.04,44
2,457.89,390
2,865.1700000000001,306
1,213.96,11
1,205.35999999999999,656
1,475.2,275
1,136.35999999999999,633
4,913.51,374
46,24942.137499999924,1
20,18785.53,16
10,3342.94,4
10,326.88,72
2,24.35,396
2,595.93,444
1,868.9,415
1,76.32000000000001,680
1,295.13,386
5,951.76,394
5,527.78,243
2,190.47000000000003,403
7,1329.42,9
2,1288.04,246
2,412.78000000000003,206
9,2987.97,1
1,320.58000000000004,185
10,2010.1,32
6,814.07,57
11,4472.68,196
11,5379.32,24
1,462.75,379
5,1993.8,91
2,945.26,4
1,338.65,484
6,1998.49,51
1,114.56,263
1,344.90000000000003,266
4,2118.06,438
1,215.22,454
2,609.85,36
1,106.67999999999999,677
1,443.6,51
9,4916.56,52
10,3641.56,24
1,110.46,22
1,96.12,59
5,1591.0900000000001,170
7,2195.32,68
3,849.69,157
46,24942.137499999924,2
2,470.04,201
15,4359.71,416
9,3634.99,5
1,62.5,589
9,1951.47,67
1,114.18,77
11,3393.4,1
1,246.86,738
7,3874.11,8
5,787.8,169
6,1445.79,18
2,219.95,5
9,2529.93,9
2,285.74,87
1,107.95,27
7,1359.63,29
2,482.2,430
2,636.24,20
7,2720.25,61
1,179.95,24
46,20240.59,11
1,111.63,445
7,3208.38,242
3,583.33,280
2,1117.85,549
4,1113.14,235
7,3037.32,3
1,173.66,509
2,1011.38,16
12,8022.23,31
1,184.91,593
1,399.19,579
3,1289.44,382
46,24942.137499999924,25
6,875.1500000000001,71
6,1504.21,188
1,146.56,588
6,1423.63,26
8,4529.4400000000005,576
5,850.33,414
3,1402.06,107
28,7178.17,8
1,112.8,209
4,771.28,44
5,2114.33,31
12,1715.1399999999999,137
7,1165.36,265
1,244.31,617
3,1532.02,519
8,2473.28,4
2,188.60999999999999,218
5,1217.27,2
4,702.6,214
5,3076.06,32
15,4200.51,11
29,6225.18,1
1,318.17,15
9,1716.18,20
1,179.0,199
1,367.54,619
2,139.2,436
5,1656.8999999999999,3
25,8856.93,15
13,1899.79,14
11,2246.17,10
4,1328.0700000000002,29
21,5106.5599999999995,9
4,886.08,24
8,1721.05,25
3,543.28,43
1,81.3,733
1,226.42,410
5,1581.84,2
3,651.21,6
1,109.07,379
3,489.52,147
11,1797.16,10
1,327.5,590
4,1246.86,25
1,116.5,655
3,423.23,274
1,190.58,413
3,586.24,374
8,1864.67,1
3,380.02,47
19,5498.47,8
15,14335.15,16
4,1051.02,426
46,12188.36,4
2,367.65,485
4,3545.37,4
9,1805.3,43
25,11042.74,4
11,4105.66,197
7,1713.09,12
1,579.85,435
1,50.48,593
14,3411.01,16
12,2551.41,113
4,593.5,406
1,319.8,249
10,2681.9,29
1,310.15,480
1,112.03,736
2,126.45,684
1,389.64,44
2,869.51,87
6,1547.93,45
25,9923.35,10
3,2564.36,15
1,420.5,75
7,2800.77,145
3,1618.37,5
1,89.2,297
3,447.92,59
2,417.57,264
1,278.3,47
3,254.11,29
11,6366.93,8
1,382.81,474
2,192.60000000000002,17
17,15466.06,3
8,3637.64,232
2,594.62,621
1,139.26,112
1,140.55,593
1,238.25,529
3,1011.9,58
15,3708.3,51
1,290.76,404
2,730.86,127
3,315.95,281
2,443.48,55
1,200.10000000000002,320
1,307.3,659
3,422.73,26
2,77.4,10
1,90.96,550
1,110.65,471
3,1156.32,7
1,197.64,29
10,2499.42,17
1,303.63,607
1,6.2,64
2,625.9,21
10,1668.3,3
1,131.45000000000002,166
27,10161.37,1
1,300.31,507
8,724.31,53
2,323.75,51
17,6944.82,48
1,189.34,61
3,845.55,162
1,353.27,9
7,1082.55,15
2,303.43,75
2,504.14,391
8,2449.3,40
2,686.76,621
13,2346.83,41
1,170.5,387
1,178.85,599
4,864.11,370
1,152.96,581
2,778.5,37
1,47.35,197
7,3609.86,200
6,1153.56,74
4,453.21,64
9,1205.3600000000001,21
7,1230.15,367
1,157.70000000000002,485
3,321.43,180
10,4014.11,10
24,4704.36,4
2,385.2,582
13,8684.58,197
7,1455.8700000000001,29
1,188.03,53
3,1676.57,680
1,94.8,499
7,2197.7599999999998,18
2,297.0,529
3,102.44999999999999,10
9,3460.32,90
2,769.9200000000001,423
3,915.28,418
2,362.71,268
14,7163.0,53
4,2542.44,44
1,211.79999999999998,437
10,6592.29,64
1,36.0,600
1,437.4,427
3,1348.95,149
1,310.56,405
43,15399.210000000001,22
7,1747.16,312
3,829.4100000000001,23
18,6128.2300000000005,58
5,1360.07,24
11,4233.66,78
7,6520.3,119
3,1259.73,36
7,3647.45,60
1,180.75,506
5,1692.64,13
1,170.32,19
10,1380.73,52
2,841.1999999999999,26
1,266.76,29
4,92.52000000000001,7
17,19569.16,11
16,2851.26,186
12,4180.81,3
6,2773.94,9
6,1838.95,262
9,1220.97,3
3,816.6,484
2,854.13,210
1,116.18,535
3,2693.8,108
2,256.7,521
2,425.85,418
25,4076.5,13
1,185.06,685
3,688.34,77
1,255.4,20
14,3542.25,27
6,761.59,19
1,120.6,669
3,1598.12,132
1,364.8,253
1,1360.8,79
1,369.2,207
1,135.9,336
3,817.25,254
4,1106.73,148
1,202.35000000000002,691
3,1797.41,10
3,1492.81,85
38,24541.1,8
8,1818.8,205
8,3099.94,8
14,3262.67,23
1,1274.78,395
1,13.919999999999998,522
12,1901.4,11
3,1035.6200000000001,26
5,2774.98,21
4,1574.33,2
8,1971.39,158
16,5505.12,3
2,381.9,74
3,1404.68,437
4,434.35,3
46,24942.137499999924,1
5,1849.58,17
8,4045.93,36
11,1808.05,91
8,3042.95,71
2,1108.63,597
9,5949.21,116
1,359.35,539
3,1598.57,213
2,1316.07,30
2,843.74,394
1,749.1,51
3,751.56,246
2,359.4,382
1,308.2,397
1,223.91000000000003,628
2,836.69,32
6,4974.53,109
4,864.6800000000001,5
2,557.33,366
4,1309.8,444
5,3390.9,82
2,2678.88,297
12,12277.61,34
3,1621.88,57
2,2288.83,562
2,531.49,418
1,182.1,579
4,746.56,402
1,107.62,663
19,9646.67,30
1,179.4,414
1,100.9,14
6,1022.54,72
6,1101.97,23
4,515.0,469
1,371.2,19
1,311.69,79
32,17589.95,60
4,968.82,25
2,454.92,12
1,163.77,733
1,305.28000000000003,421
2,261.69,253
6,914.99,147
4,695.42,64
2,221.27,8
22,16396.95,11
4,366.91,271
12,3123.57,10
1,206.21,247
2,596.09,96
6,1064.26,15
6,1982.6100000000001,50
2,489.09,30
1,906.23,704
12,4919.35,68
3,1092.58,35
2,145.07,128
3,615.45,107
1,89.94,37
2,472.39,57
6,772.66,57
1,31.929999999999996,726
10,3096.39,72
1,429.66,735
1,150.68,737
2,372.92,246
1,234.88,572
1,183.20000000000002,689
6,1260.51,19
2,292.01,198
2,563.1,376
8,1550.6499999999999,16
7,2038.65,212
1,342.4,662
2,288.77,612
1,314.67,430
1,210.5,442
1,36.13,564
5,936.57,382
2,231.98000000000002,39
2,442.28999999999996,481
4,776.5999999999999,46
4,750.98,170
1,129.48000000000002,593
1,490.52,48
2,190.71,394
9,4130.88,116
6,1024.83,473
1,1211.78,147
46,13744.18,16
2,748.63,51
1,156.91,159
2,288.0,480
3,1255.53,12
1,308.94,36
2,416.6,396
3,646.26,54
10,1610.82,488
2,257.67,43
13,2344.47,501
5,620.89,173
1,125.58,34
3,454.56,39
1,252.81,267
1,198.47,379
12,2493.39,9
5,1106.24,12
20,11219.2,3
16,3542.59,10
2,967.4399999999999,33
5,1041.89,80
10,2926.36,31
6,962.94,8
1,365.1,620
8,1922.8300000000002,72
14,3096.54,4
8,9901.25,256
10,2544.28,5
14,8103.68,16
1,252.73000000000002,90
3,429.56,72
2,397.76,376
9,1142.33,59
46,24942.137499999924,10
1,7.49,542
2,288.98,170
2,315.45,199
6,2855.3199999999997,31
32,15750.41,19
2,735.66,152
25,7550.04,9
1,343.62,270
4,381.0,65
1,121.17000000000002,274
5,4087.19,25
9,3838.11,23
1,153.32999999999998,319
3,693.95,5
2,302.1,12
3,541.92,475
1,113.64999999999999,520
5,3216.36,275
16,3368.78,25
19,3467.2,41
4,293.0,8
46,24942.137499999924,4
8,2570.78,71
1,319.6,213
4,1154.41,410
5,3046.56,38
1,893.59,53
5,3715.08,78
4,1170.5,46
1,1105.33,179
3,732.85,373
4,1455.56,94
1,187.51999999999998,479
8,2765.02,10
3,1553.1299999999999,105
1,770.83,78
3,1424.54,173
2,2428.08,495
46,17276.73,7
11,3514.6,213
2,546.25,428
12,1810.67,22
1,93.35000000000001,669
1,88.2,257
2,960.8,380
1,347.54,730
2,218.53,565
1,276.7,282
2,1087.82,21
6,2399.04,10
1,381.32,308
3,1046.6100000000001,68
3,776.46,215
23,13403.82,18
2,83.0,463
10,3137.44,104
1,219.39000000000001,43
3,908.35,4
3,1074.75,182
1,410.48,84
7,2193.8999999999996,334
6,1334.74,9
2,554.67,531
2,618.86,31
2,952.74,197
9,3094.91,18
5,1418.32,18
9,819.95,311
3,1152.65,142
3,974.7,246
6,1261.05,24
5,2442.37,29
1,209.4,611
3,3509.04,10
12,3383.32,30
2,524.05,18
4,1352.75,18
8,2108.31,15
1,24.48,134
1,230.8,246
1,328.42,134
2,441.57,50
11,4487.27,114
5,4634.17,7
4,448.62,23
24,16772.47,25
2,441.09000000000003,537
2,684.3,66
5,1783.68,60
23,6855.98,50
1,330.11,170
1,80.28,395
5,977.9300000000001,18
5,1806.9,128
10,1596.29,15
2,301.48,239
4,1286.7,3
2,823.4,521
1,475.32,394
2,178.96,240
8,3243.69,52
7,1388.47,458
6,2619.92,46
2,563.63,226
29,12160.31,8
4,1189.33,4
2,1327.16,165
1,623.5,240
1,301.29,11
4,1317.51,134
13,8950.14,17
2,1495.91,423
14,5241.83,10
1,325.05,31
3,1343.72,75
1,383.96999999999997,383
3,952.69,1
5,2577.38,4
2,453.77000000000004,45
34,21628.13,2
4,589.27,357
1,119.92,388
1,312.9,731
2,304.47,18
9,2025.91,69
1,481.55,373
1,167.16,468
5,1597.22,321
1,106.56,26
2,569.22,382
1,81.15,407
1,1289.5,331
5,1621.8,9
7,1494.6,381
2,481.46,323
1,224.14,72
1,933.64,668
1,948.93,426
1,40.5,260
13,7399.68,18
3,816.9300000000001,367
5,1200.2,66
11,2996.75,154
3,639.93,548
4,685.39,29
1,256.22,70
5,1403.2,14
15,4749.22,2
1,310.43,725
46,17306.69,1
1,822.84,434
3,588.05,463
5,1666.39,120
1,499.32,61
28,11963.33,3
1,396.0,3
2,313.7,433
6,1611.11,11
5,566.95,92
10,3122.4,59
1,549.05,495
7,1842.95,87
15,4400.18,26
1,316.58,357
2,644.84,85
4,420.29999999999995,10
3,683.9200000000001,416
6,970.52,1
1,178.98000000000002,730
3,1107.39,225
2,892.21,60
2,208.28,241
2,328.35,319
8,1661.44,2
7,2405.78,47
2,481.69,88
1,426.24,563
22,11052.23,11
2,685.45,176
6,1778.96,52
4,1853.0,366
11,3514.43,319
5,1417.95,226
5,871.36,358
1,409.40000000000003,234
1,154.41,311
9,2446.29,37
6,5559.07,66
1,160.5,586
2,429.6,239
1,250.26,621
2,612.06,113
1,59.400000000000006,401
1,197.0,277
16,2755.96,218
1,321.05,299
4,1408.1200000000001,2
3,959.74,29
2,780.59,10
12,4455.78,45
11,3040.35,67
1,302.04,422
2,923.08,74
3,848.48,65
8,4610.84,134
3,780.4,238
3,976.06,122
3,1893.93,411
18,9223.4,32
1,60.0,641
21,19767.04,9
5,2103.41,36
8,2048.89,16
3,1088.35,127
9,3685.42,67
2,170.4,149
2,260.75,283
2,616.76,169
4,900.13,513
25,8633.73,100
4,1497.4,135
3,418.82,324
1,156.51,107
2,848.4,64
4,3341.44,151
5,850.01,338
5,1717.36,22
3,961.9000000000001,479
3,954.26,24
21,7568.16,16
24,4494.14,7
6,1868.5,57
1,152.64000000000001,600
2,716.57,4
1,615.14,38
4,615.6,66
2,476.34,47
4,496.15999999999997,562
5,1573.34,355
3,390.32,172
16,8386.97,59
1,348.59,570
3,139.93,390
1,24.75,500
1,94.92,408
1,240.55,50
5,797.7900000000001,22
10,3706.53,43
5,1593.09,29
26,10483.43,5
39,13334.48,26
1,172.99,201
1,247.5,666
1,233.35,411
1,207.04,654
12,10318.63,51
3,641.94,10
23,8467.77,2
9,3588.33,67
1,496.44,64
17,6884.77,51
1,303.8,730
3,1214.58,290
9,796.4000000000001,61
1,93.6,555
9,3173.69,64
1,205.3,96
1,310.47,274
4,797.96,611
1,1608.72,479
46,24942.137499999924,1
12,2930.19,75
1,52.0,110
3,820.4499999999999,199
2,570.5,64
1,165.0,327
1,129.75,677
1,312.62,4
1,204.5,284
1,239.29,44
12,6678.13,71
2,1323.66,86
3,434.6,563
1,140.22000000000003,701
8,1601.46,104
5,1670.72,334
1,208.75,53
1,107.24,408
11,2953.43,39
2,547.92,32
3,767.91,500
6,4892.68,366
1,1028.56,208
3,347.87,157
1,170.22,54
1,240.5,402
1,373.02,411
1,277.93,677
7,1821.02,66
1,105.5,562
2,2402.7200000000003,81
1,403.89,130
1,364.5,87
3,555.14,1
1,377.54,46
3,596.12,333
4,1162.0,366
1,158.04,72
2,463.90999999999997,158
2,547.6,373
10,3423.62,12
1,111.15,549
7,2794.4700000000003,255
2,277.05,29
13,3239.57,31
42,16263.69,5
8,181.35,663
1,427.93,40
4,570.99,362
2,613.08,449
2,678.11,373
2,913.19,96
13,4540.33,26
7,2389.08,75
11,5077.13,57
2,671.26,21
11,6129.58,492
8,3695.01,41
1,59.400000000000006,662
8,5088.42,137
17,3059.09,8
2,307.32,129
1,60.959999999999994,690
3,1212.3600000000001,40
4,1211.75,383
2,246.5,463
8,4869.4400000000005,169
11,3248.96,9
5,1427.97,214
12,13712.35,15
4,2027.79,170
3,942.08,40
1,394.14,186
1,468.65,492
1,140.54,270
5,840.96,172
2,1216.66,396
1,289.87,584
7,2874.62,5
5,891.34,16
11,5284.6,10
1,107.45,326
2,796.38,113
1,94.0,290
2,1345.53,16
3,815.77,1
8,1299.1,92
2,216.95000000000002,452
6,1793.28,149
2,170.88,492
1,257.06,376
2,653.64,189
4,975.87,31
4,862.29,34
1,257.58,264
1,131.25,721
10,4685.72,84
4,1348.93,26
1,190.53,171
5,6333.6,692
3,772.6500000000001,10
1,559.61,313
7,4562.02,65
1,508.8,85
2,449.42,425
1,135.86,25
6,743.0,434
10,3795.94,59
7,1615.77,323
3,263.69,38
3,567.54,254
4,1941.1200000000001,400
9,2144.1,19
3,1430.54,33
4,735.5500000000001,15
2,397.35,27
2,954.75,468
1,153.24,503
2,320.76,23
2,533.3,214
11,2567.06,8
1,149.29,22
3,1067.75,12
2,393.45,262
1,156.57999999999998,131
4,1269.05,405
3,383.68,55
3,1254.21,396
1,594.0,249
14,5086.03,2
2,1411.21,9
2,284.5,264
3,396.75,377
5,492.88,331
2,784.41,313
3,974.52,26
1,429.84,30
2,226.86,434
6,1782.91,30
7,1369.57,2
2,303.89,362
1,38.25,598
10,2085.12,283
1,237.07,262
2,370.43999999999994,25
2,202.82999999999998,417
1,214.26,354
2,429.7,461
4,737.05,94
1,126.14,29
1,943.25,338
32,12096.0,20
4,1560.46,85
3,512.68,9
3,1348.8,51
3,823.45,50
1,63.419999999999995,576
3,1292.01,2
1,371.56,113
8,2046.0,14
1,150.35,596
1,454.10999999999996,77
4,2209.98,380
1,368.4,650
3,1940.98,40
1,147.4,733
3,3585.85,116
1,1993.34,401
18,14003.039999999999,16
10,810.68,161
6,4603.54,1
7,4810.92,30
1,102.0,527
1,231.32,680
5,429.67,93
8,2419.61,23
1,210.85,430
6,3067.2400000000002,95
2,659.4599999999999,28
9,4093.19,33
5,3692.52,21
1,246.5,379
1,146.14000000000001,631
9,8621.59,18
44,24775.66,3
1,158.65,724
4,1097.96,8
2,399.95,405
12,8989.6,16
2,257.3,363
4,391.45,81
5,3610.96,53
6,2030.33,23
1,475.86,172
6,1000.27,189
1,150.21,380
1,25.5,331
5,900.53,12
4,331.58,156
35,24942.137499999924,33
18,6112.76,12
1,171.81,387
3,62.43,45
1,267.03,233
15,4186.79,64
2,344.61,383
1,343.5,2
16,6799.09,40
2,397.99,33
16,15533.53,84
2,198.0,25
4,883.32,2
2,148.44,33
23,5540.4400000000005,19
1,229.33,254
12,4781.11,23
5,1800.28,22
2,1970.19,8
10,3694.2000000000003,25
3,792.77,19
1,162.25,726
6,1044.3700000000001,173
1,259.09,409
1,106.72,163
6,2065.5,538
1,538.46,7
2,460.68,11
1,85.13000000000001,114
3,851.31,512
2,242.26,288
20,7807.89,9
2,288.96999999999997,54
2,1079.1000000000001,607
26,9776.73,7
1,145.49,596
8,2312.01,77
12,2077.85,4
7,1679.81,37
2,252.52,217
1,428.93,60
1,217.2,278
36,11133.4,12
1,279.77,24
1,468.91,29
1,198.48,639
1,1109.4,568
2,153.52,398
8,1905.79,12
3,671.4300000000001,352
6,2812.9,22
2,70.74000000000001,463
2,173.16,50
2,227.87,393
1,183.81,19
3,749.89,3
10,3576.25,104
25,8558.29,7
14,3756.79,12
10,3758.05,5
5,1180.47,32
6,1099.24,178
1,30.1,620
1,919.1700000000001,38
5,396.03000000000003,151
1,127.1,162
5,1246.43,69
8,1362.79,377
34,4491.56,156
3,682.9100000000001,25
1,95.96,376
6,1257.9,24
1,455.3,177
3,1078.62,593
7,1522.0800000000002,50
1,579.6,678
3,469.33,256
5,1496.6,382
3,217.9,583
1,388.58,47
1,199.8,71
5,1771.78,16
1,357.6,488
9,2727.72,101
2,563.37,35
2,548.02,53
3,1250.06,27
4,1199.31,428
30,14189.54,11
16,3137.96,8
2,88.48,79
1,216.39,52
9,1707.55,36
17,5230.99,61
9,1708.97,337
5,1783.78,28
1,294.28000000000003,184
1,112.46000000000001,52
24,2976.28,10
2,192.9,36
1,389.08,610
4,3134.1600000000003,438
46,21351.77,10
1,289.91,438
3,828.5500000000001,396
4,776.85,33
1,336.40000000000003,11
4,1922.96,57
4,1293.03,4
17,7740.36,43
8,2437.05,141
4,588.13,117
9,3236.4,104
3,1067.52,75
2,566.9,457
17,5333.08,5
4,2240.9,450
3,1472.6,45
1,596.67,642
8,3285.31,16
13,4335.96,509
2,554.65,17
1,63.75,396
4,1444.58,90
5,741.55,53
6,2205.84,379
3,1050.28,134
29,23268.51,4
12,5338.95,105
1,105.78000000000002,730
3,647.2,192
4,803.54,166
3,1050.55,19
5,784.8100000000001,158
1,169.0,415
2,639.5,204
4,1658.15,336
2,553.88,522
5,1259.06,37
5,1325.54,91
2,255.35999999999999,93
2,920.28,9
1,560.67,243
4,748.5,45
1,30.0,23
8,2110.07,190
3,532.49,44
15,2603.69,25
8,1215.95,317
2,283.73,661
1,138.14,106
4,1231.53,51
5,3974.87,168
2,632.9399999999999,472
1,301.32,40
1,76.32000000000001,218
4,684.34,40
2,325.2,297
7,2652.63,19
1,45.300000000000004,725
9,6191.52,88
12,6594.12,73
4,537.84,81
3,3392.61,19
3,1284.23,49
3,1825.94,53
4,781.28,24
10,3872.2400000000002,9
14,2989.7,25
2,318.24,599
2,524.54,117
3,173.95,547
1,55.980000000000004,450
1,90.0,420
9,2988.7,9
1,190.57,419
3,521.03,120
2,239.76,4
4,571.3,252
1,191.04,28
1,37.5,659
23,9928.92,1
4,1122.64,267
13,3780.62,33
1,246.75,690
1,46.2,624
1,292.45,18
2,692.48,172
4,1509.6,2
1,112.57000000000001,476
1,211.5,265
6,3734.6600000000003,140
1,143.1,201
4,1060.56,64
4,916.98,35
9,3882.9500000000003,41
2,317.05,284
1,898.87,417
2,420.25,557
12,3459.81,9
4,831.04,143
5,783.96,12
5,658.02,556
11,2461.14,146
5,607.0,234
1,293.79,540
31,10192.12,33
2,735.02,24
1,471.40000000000003,12
11,5226.8,36
4,930.7,365
3,310.85,201
1,415.25,15
1,321.91,390
15,8345.41,17
2,544.6,380
3,192.55,213
5,1726.58,66
1,125.3,554
10,1543.97,212
1,162.3,283
4,1981.0500000000002,115
1,319.28,421
2,1758.72,435
8,1181.67,15
41,13004.68,19
1,422.72,66
1,154.88,49
2,208.62,458
1,152.67,619
4,775.96,16
1,34.8,78
4,1094.59,19
1,196.88,134
9,2499.81,13
3,515.3100000000001,40
3,4383.36,235
18,6417.39,3
11,1365.04,461
9,3917.71,40
1,79.2,305
9,2938.81,51
17,5993.12,10
4,528.01,61
6,2931.76,66
1,205.25,25
7,800.69,218
1,143.05,443
2,575.35,65
2,1027.1200000000001,32
8,4388.08,88
1,370.63,667
3,831.06,64
34,14518.99,116
46,24942.137499999924,7
1,321.45,613
3,1006.54,604
1,280.88,418
2,774.52,6
6,1271.89,69
2,150.5,245
1,241.62,133
7,1758.4099999999999,241
1,307.95,431
2,124.08000000000001,463
3,475.28000000000003,184
3,345.46,25
4,3955.9,10
1,246.3,11
2,846.13,468
16,5915.53,33
5,8342.82,46
3,933.26,26
1,218.63,509
6,1957.81,358
1,218.75,10
5,3608.34,44
2,933.84,400
8,2303.35,15
2,777.0,736
8,1967.27,150
17,5092.63,1
5,2713.6800000000003,113
3,1535.37,493
4,1421.34,76
7,1209.47,107
3,1063.95,46
4,1929.66,51
13,3971.29,1
30,10127.93,23
3,784.58,46
5,1757.04,50
21,17142.65,306
7,992.1899999999999,36
8,2978.04,79
7,3392.55,22
12,4376.67,107
2,1301.71,208
6,2611.2400000000002,17
5,1998.84,64
2,131.54999999999998,542
3,2747.4,421
1,340.5,588
10,3934.79,49
1,206.98,320
2,566.76,44
6,1840.06,3
2,3808.37,729
2,890.94,453
1,308.44,172
4,2598.28,56
28,3590.14,73
1,1098.22,375
2,636.14,99
1,576.0,38
3,740.11,58
1,836.79,254
1,80.4,738
7,3518.39,70
4,934.89,44
1,125.12,50
2,777.01,65
34,24942.137499999924,11
3,1048.49,33
2,355.56,59
9,2724.17,73
2,548.8,393
1,118.95000000000002,304
1,130.73999999999998,46
11,4426.28,18
1,107.01,385
5,790.13,38
1,133.79,622
6,1006.75,19
1,109.73,527
3,255.06,187
1,110.8,52
21,5578.28,4
6,1052.72,137
46,24942.137499999924,4
2,570.48,19
13,3545.21,16
1,426.06,432
17,2334.6,41
12,4201.45,12
13,2481.84,8
5,355.1,26
7,2180.76,22
5,2188.22,41
1,203.49,101
31,8846.87,5
1,94.53,583
3,321.11,277
4,798.86,33
1,33.099999999999994,437
4,723.05,15
4,244.8,500
21,9867.41,64
1,108.52,646
2,1135.94,409
2,490.33,2
2,330.77,562
4,1026.6,404
1,324.83,369
5,501.39000000000004,312
8,1122.38,199
2,396.48,2
2,244.60000000000002,432
13,1921.82,93
4,1052.8700000000001,60
3,1027.15,407
3,423.49,81
8,1388.45,157
5,401.25,395
1,509.13,227
1,128.2,669
1,152.64000000000001,482
2,257.6,253
1,179.17,150
2,208.59,194
25,4976.9,1
1,56.25,369
4,886.5699999999999,24
6,659.49,17
1,145.01,380
12,8939.84,10
1,157.48,8
1,114.69,543
10,2493.9900000000002,20
3,879.67,4
2,387.41999999999996,491
1,191.94,174
15,2661.17,1
8,1683.79,624
9,1067.5,178
1,6.300000000000001,534
2,205.99,378
1,364.24,402
13,3141.04,16
5,513.17,248
3,582.88,191
2,525.69,20
8,537.99,154
4,759.21,173
1,369.5,373
1,127.08,373
1,102.82,731
1,207.15,194
1,134.44,542
1,106.54,647
1,293.53,656
1,594.0,644
1,426.63,67
1,212.7,428
8,2495.87,4
3,1107.46,21
2,2156.1,418
1,108.03999999999999,239
2,282.79,379
1,145.35,64
9,734.81,112
15,8677.24,90
1,35.8,311
1,405.0,637
1,337.44,134
2,271.28999999999996,650
4,2117.84,277
4,619.07,365
3,2304.18,503
1,1708.24,83
3,1509.0900000000001,8
2,364.72,17
10,7052.11,32
3,1008.77,9
4,781.91,34
18,3433.94,15
1,187.8,589
22,8085.9800000000005,24
2,617.6,551
3,921.25,32
4,462.12,74
3,525.69,682
4,402.55,374
1,451.28999999999996,379
1,289.48,449
2,470.76,20
1,269.21000000000004,663
13,2768.7400000000002,17
1,426.53000000000003,451
12,2945.8,23
1,397.6,388
5,1031.65,3
2,1017.32,304
18,5473.08,18
5,1530.38,456
2,665.62,367
7,3442.15,39
1,371.01,84
6,1680.31,165
2,1050.53,17
3,3271.02,77
1,329.22,603
7,6460.64,89
21,9362.77,25
1,324.51,605
8,3110.37,22
30,8266.06,3
7,2610.28,123
2,354.42,30
8,1238.81,12
3,729.19,19
2,365.11,376
7,1997.75,44
1,143.35,534
3,894.4,4
7,2768.97,9
3,1171.48,55
1,689.14,414
7,1351.8,88
16,8242.54,37
1,20.4,736
3,4249.4400000000005,3
1,583.39,381
1,169.21,625
10,5018.83,30
5,2139.9900000000002,475
10,2365.07,12
2,332.82,211
7,3053.06,48
15,5339.13,24
4,972.11,22
11,1694.86,246
29,5584.51,8
5,2973.19,35
46,24942.137499999924,4
5,1098.03,38
3,704.26,4
11,2056.6,3
5,1502.38,47
4,698.13,39
27,17184.28,47
3,851.01,17
2,487.03,395
1,602.63,260
3,717.61,46
3,478.71,12
1,439.65999999999997,30
1,236.09,43
15,1797.1100000000001,92
1,82.2,596
46,24942.137499999924,39
1,331.24,310
2,520.7,92
6,1965.72,456
27,10565.210000000001,6
6,911.3199999999999,196
1,214.53,560
4,2556.84,87
5,1331.74,270
3,471.78000000000003,8
2,456.4,424
7,2375.3,65
3,1947.96,31
8,2228.52,22
8,1835.5900000000001,38
1,340.84000000000003,435
8,3430.53,120
1,231.58,562
4,818.7900000000001,373
6,1828.35,40
3,300.7,174
1,188.44,682
1,362.06,54
6,3539.4,33
4,1823.23,145
1,119.4,221
1,650.75,45
10,3846.05,16
1,62.7,406
12,3039.17,66
3,541.95,401
1,55.25,431
8,2816.25,10
1,335.32,260
1,109.31,725
8,1992.13,365
5,1521.04,17
3,3260.31,563
1,115.73,594
1,457.7,418
2,852.15,22
4,1076.8,45
4,4112.49,288
1,122.39999999999999,297
1,246.1,390
2,736.9300000000001,503
10,2234.73,3
1,1515.6000000000001,626
2,362.99,284
3,1311.2,17
4,602.5600000000001,82
8,4258.36,56
1,104.55,670
4,2351.42,101
1,436.18,299
12,2324.71,23
10,2683.53,59
5,1739.92,389
2,1437.43,576
2,257.09,386
1,180.56,624
2,315.06,155
6,1587.94,115
1,17.0,107
11,3683.7599999999998,12
1,447.05,456
4,1229.52,264
1,182.85,240
14,3696.94,88
7,1573.2,50
1,582.64,463
4,3229.16,71
3,1842.14,42
22,6179.11,7
9,2749.26,62
5,2386.19,249
1,108.38,66
7,3115.36,18
4,2232.7200000000003,85
3,939.48,219
4,1776.19,45
1,549.33,428
4,195.73999999999998,143
1,158.18,183
1,135.75000000000003,171
12,2553.8,10
1,610.58,212
3,652.2,190
1,4335.89,653
8,1720.81,8
6,2967.51,59
5,1450.04,57
6,864.4200000000001,73
1,307.78,52
4,1713.69,317
14,4269.15,367
15,14644.6,29
2,801.31,39
11,3752.33,18
3,1243.8,407
4,952.48,422
12,9951.02,52
2,609.8,544
46,21982.66,4
5,2105.02,22
2,819.45,263
4,946.8,60
1,422.7,680
3,863.39,379
5,1111.15,19
3,1433.46,66
2,928.5400000000001,88
1,535.34,250
12,4330.58,3
1,175.2,247
19,6763.04,9
4,946.38,157
5,2398.91,134
2,386.62,296
3,422.22,5
10,3993.77,43
1,1803.84,269
11,5021.01,50
5,767.5,382
20,6175.38,9
3,656.69,16
9,582.52,522
4,1232.79,282
2,972.0,65
43,12514.31,2
1,37.4,252
6,2398.58,232
3,808.08,17
1,25.5,505
2,435.83,428
5,1256.76,414
46,10207.47,11
4,1822.97,8
20,6827.4,51
1,73.2,59
8,1884.55,95
6,1416.1200000000001,16
7,2088.67,126
7,1832.04,94
4,2052.69,421
8,2226.51,50
2,612.6,138
1,215.83,61
13,16249.87,100
1,305.54,73
9,8420.65,72
4,1077.81,67
6,1158.79,64
3,644.72,17
26,8718.43,23
15,6871.64,32
5,1085.46,45
2,211.07999999999998,16
8,2611.55,40
24,14776.78,3
1,351.3,736
2,628.23,237
1,304.2,375
1,323.25,723
1,93.3,489
9,2016.71,469
2,1030.04,75
7,942.75,392
12,5599.7,4
5,2112.12,3
9,2474.79,361
6,940.64,59
3,918.71,23
7,1813.51,31
13,2558.52,55
1,369.88,25
10,3399.85,45
9,3377.73,89
33,20496.73,2
3,970.59,89
4,1291.51,19
1,159.0,79
4,1989.01,171
1,242.35,81
1,753.48,267
2,304.25,235
13,3968.67,30
1,40.8,501
9,2015.27,37
2,1265.65,318
2,1075.29,375
5,1605.94,57
15,2859.31,45
5,672.1700000000001,203
3,1027.22,225
3,885.71,385
6,2867.86,87
2,542.03,190
4,1074.47,379
7,2712.97,44
9,1800.71,71
3,333.18,476
8,2020.1100000000001,41
1,432.2,78
1,136.65,437
1,63.66,423
6,1492.2,57
2,3454.3,24
16,3962.41,10
14,7400.45,8
2,332.65,34
2,1522.75,212
3,1390.46,24
2,821.35,460
1,114.56,170
1,152.94,62
5,1800.07,53
3,565.24,261
1,128.31,512
1,295.09000000000003,383
7,7213.8,67
3,967.44,378
15,4507.2,17
3,1579.37,267
1,12.75,177
15,11246.28,45
3,340.94,410
1,1035.45,51
6,1035.76,17
1,752.95,378
1,348.16,423
2,819.13,438
12,6566.17,9
14,1729.15,74
1,186.66,591
2,590.45,71
1,717.57,438
1,1124.44,353
8,3367.82,16
1,411.7,117
2,318.34000000000003,648
1,307.95,373
3,2140.51,197
3,2119.55,177
1,182.29,734
3,923.34,100
9,5698.28,21
1,238.05,725
3,3424.02,72
3,1307.58,340
8,4336.02,6
3,1018.48,31
1,176.9,646
2,328.95,477
5,986.1,170
1,127.65,470
1,136.31,462
4,1923.3,465
5,1253.76,122
15,4256.5,22
1,126.05000000000001,477
4,1328.55,10
4,1313.67,626
1,301.9,269
7,1061.2,23
1,193.65,477
3,1367.32,430
1,107.33,737
1,233.22,127
7,7886.27,26
1,381.66,695
1,361.21999999999997,139
7,1111.52,214
3,1194.92,429
7,322.56,38
2,706.57,106
2,460.08,414
2,616.26,18
1,171.15,432
2,274.15000000000003,3
3,1489.2,390
2,398.51,331
13,5097.11,64
5,2188.31,120
1,328.15,35
1,404.40000000000003,218
6,5624.59,172
7,604.5500000000001,72
2,326.75,1
2,353.66,196
3,408.59000000000003,128
12,3597.5,47
24,4592.05,6
16,9852.72,14
1,310.83,563
4,1664.92,428
7,625.38,18
6,2037.7,432
11,1993.29,28
22,6820.320000000001,8
1,263.73,492
7,2740.12,552
4,3517.69,421
1,151.05,37
1,212.6,157
1,94.05,284
3,1487.84,107
7,3850.79,25
4,299.21,75
3,606.92,16
4,842.42,158
2,1104.29,44
1,224.51,385
11,3411.86,11
8,1700.08,32
1,48.1,291
9,2253.89,21
13,3330.0299999999997,333
2,494.44,18
38,9795.460000000001,4
5,1117.26,63
1,413.15,375
6,415.87,198
4,865.17,33
5,2919.65,1
16,2317.73,7
6,3425.21,5
4,882.81,10
6,922.16,32
1,109.36000000000001,53
2,701.39,12
15,3121.54,18
4,1548.1299999999999,19
3,1350.48,37
3,617.24,2
7,2654.48,18
4,1265.91,82
1,157.2,449
5,1290.31,33
2,309.49,382
5,1677.55,66
2,104.0,470
2,968.56,9
2,465.84000000000003,267
3,362.95,247
4,2157.4,4
1,1533.1499999999999,61
2,247.85,396
2,315.5,408
7,2884.79,75
4,1358.95,90
5,881.35,60
3,1068.16,29
5,878.26,323
1,186.05,654
4,1336.62,53
3,467.5,537
4,1045.66,401
3,751.25,270
23,5297.77,2
5,1504.94,57
14,3511.16,61
1,137.8,476
1,115.92999999999999,628
2,1644.8,154
3,616.17,19
9,3048.45,95
23,6645.849999999999,1
2,293.45,265
1,177.5,312
1,443.05,70
2,154.05,302
3,526.16,19
14,2757.25,13
1,231.93,591
12,5643.34,36
1,130.32,734
4,756.39,19
5,593.19,54
2,519.83,57
5,551.21,22
3,696.76,44
9,2941.2799999999997,27
1,35.7,493
5,992.94,45
8,1436.5,113
1,75.0,396
3,517.47,376
46,24942.137499999924,17
1,346.12,25
2,443.06,191
1,302.7,302
10,1863.76,2
2,241.06,263
3,638.49,414
1,106.95,106
6,1102.94,57
3,623.28,213
1,247.07999999999998,64
2,384.52,28
12,2657.09,29
3,954.47,512
3,319.14,668
2,301.25,381
5,798.35,6
1,310.70000000000005,722
6,3856.9700000000003,8
5,1013.18,67
5,887.78,2
1,162.24,521
17,3615.58,46
4,583.16,34
2,302.41999999999996,1
3,723.9,136
2,361.12,198
2,707.69,198
3,1505.73,150
3,1013.15,88
2,332.17,631
2,251.71,531
2,7.45,64
11,3896.05,64
13,6000.94,99
1,208.36,218
30,5690.89,3
1,71.78999999999999,730
3,811.23,28
3,1536.6299999999999,178
3,136.0,74
4,1422.4,21
3,1278.06,20
2,746.24,421
15,3644.2400000000002,34
7,1893.52,509
3,787.52,74
5,800.7,24
11,2412.45,52
4,1189.98,275
2,718.2,434
4,470.83,165
7,1810.49,7
4,472.05,88
1,350.35,432
11,4094.37,64
3,331.0,25
2,300.83,10
1,762.89,76
1,453.38,682
1,220.62,16
1,133.95,192
2,402.05,174
5,2287.19,77
1,134.36,538
2,209.4,577
3,442.15999999999997,33
2,303.7,380
1,205.41000000000003,436
2,1533.16,47
1,385.56,541
7,2125.49,80
1,826.53,297
3,636.46,3
6,2330.77,9
23,6649.08,50
2,100.97,161
8,2578.34,360
9,691.6600000000001,5
1,1188.03,383
2,234.95,620
11,3596.7400000000002,107
1,465.88,25
1,777.6,32
2,90.30000000000001,20
1,142.71,572
1,240.95,630
1,359.5,297
6,1739.65,372
6,1755.29,22
4,874.59,5
10,3171.86,52
1,101.69999999999999,30
1,162.7,277
4,957.17,61
4,436.96,25
6,2145.18,186
3,1117.32,415
2,424.96000000000004,436
28,11794.73,2
2,306.19,446
46,23433.82,2
2,692.01,172
2,1232.94,81
1,244.41,4
4,1986.8,190
1,48.349999999999994,668
11,2281.53,22
5,3096.0,18
3,1082.81,19
1,592.9,642
2,952.04,5
1,543.92,110
1,10.55,641
3,395.07,541
10,3126.41,3
1,205.75,414
1,409.63,735
2,257.32,54
1,292.21,592
4,376.70000000000005,520
2,689.82,165
5,5204.51,291
1,104.25999999999999,546
1,30.15,599
34,12776.4,10
18,8728.12,109
7,2216.12,96
2,379.73,243
33,15587.69,163
8,2837.32,42
6,1905.6,35
17,7664.53,67
2,281.85,24
38,13252.11,1
1,175.0,397
8,3012.93,27
2,511.12,6
1,223.85999999999999,477
6,4347.12,54
1,87.8,569
4,773.05,364
5,614.66,15
2,815.44,194
2,677.7,428
5,1455.23,3
20,7143.26,15
10,4240.94,27
3,986.4,127
2,663.61,85
3,1301.78,71
2,540.87,420
1,380.0,667
1,156.6,626
1,282.85,426
1,105.84,183
1,313.62,113
2,297.95,374
5,3111.65,80
2,341.59,594
3,1429.18,249
1,212.95,232
4,1332.68,386
4,612.36,71
2,597.5,401
1,213.5,69
28,7805.71,4
8,1071.1399999999999,51
1,181.09,75
5,1757.75,61
4,458.98,16
1,90.04,4
1,145.04999999999998,286
1,172.8,386
13,2151.21,4
3,667.03,41
2,759.13,36
2,482.47,75
2,432.45,563
1,60.48,724
2,357.66,404
25,5183.76,18
2,1247.22,454
7,5493.46,15
1,75.66,219
6,1717.93,186
9,3245.43,33
1,618.59,70
3,1179.79,183
1,289.3,626
2,446.02,15
1,151.85,236
5,2618.19,31
4,1923.93,264
6,1758.93,4
4,811.28,52
1,225.4,544
4,1015.24,246
2,807.37,81
5,1654.03,275
17,4205.7,1
1,322.8,79
7,2318.1,30
2,408.63,74
1,106.80000000000001,407
7,1879.92,482
2,406.4,486
6,2862.65,17
6,1562.93,223
1,473.0,407
4,3802.04,438
4,1084.87,32
15,2285.73,23
4,1734.98,31
1,179.4,398
2,554.5,106
3,1077.45,5
2,923.11,246
2,833.78,178
1,160.39,736
1,602.64,449
4,537.5,170
3,672.8,43
1,299.38,520
7,1916.11,72
1,136.2,587
16,17422.23,59
2,1208.46,16
8,1475.67,141
13,6362.06,18
30,12898.37,22
4,874.43,10
5,671.63,368
1,39.12,189
7,1803.23,16
4,930.5600000000001,540
1,151.05,394
1,165.0,729
1,109.2,569
1,135.39999999999998,362
2,217.71,19
2,558.78,68
13,854.02,15
2,1344.48,24
20,8030.150000000001,17
3,1090.83,28
20,8134.9400000000005,2
1,171.13,679
2,304.24,55
2,608.86,442
6,2290.3,34
2,856.22,411
12,3109.99,3
3,663.31,366
3,821.45,43
7,1921.84,73
5,1010.72,5
1,320.25,534
46,24942.137499999924,4
2,324.24,61
16,4798.17,47
1,157.63,391
4,1260.86,1
2,422.59999999999997,76
4,348.83,72
2,151.63,418
4,1271.1999999999998,256
5,1166.88,69
1,71.10000000000001,723
2,191.9,562
4,657.9000000000001,135
1,112.75,241
2,1482.0,227
7,994.6,380
25,8830.77,9
26,9707.53,9
4,1082.13,415
2,627.36,618
42,24942.137499999924,1
3,518.75,37
4,533.41,400
1,648.23,46
14,8881.61,85
22,5903.55,19
9,2868.48,3
13,4214.62,9
32,13874.52,19
3,1257.83,317
2,624.26,78
3,2149.6800000000003,267
14,6636.4800000000005,24
5,3006.08,369
14,3494.02,15
3,566.74,26
1,292.47,262
22,8165.2,17
4,1072.71,91
1,147.35,405
13,1678.41,302
7,2063.88,26
4,1377.77,364
4,1048.28,46
21,7202.01,38
3,743.11,52
1,170.3,648
4,4096.99,32
1,259.68,530
3,635.96,52
14,6217.41,79
5,2945.96,506
2,417.59999999999997,53
1,3.75,298
2,786.43,177
1,226.91,395
1,173.06,625
13,2334.97,493
14,4209.95,29
7,1288.01,11
17,7150.46,87
42,18030.05,5
2,836.06,38
14,3637.33,18
2,4134.68,591
5,596.73,45
1,1458.72,31
1,136.1,373
1,223.92000000000002,58
29,24942.137499999924,372
7,2837.48,114
7,1285.17,215
2,270.48,319
1,364.94,65
3,779.19,8
1,228.0,430
1,316.62,97
3,1152.8400000000001,20
2,918.7,199
13,2790.9500000000003,4
2,454.75,294
2,1145.6,273
15,8052.41,31
9,1698.57,48
4,1096.25,260
9,1720.33,58
10,3916.7,33
3,3661.25,423
3,421.24,57
8,1567.48,68
16,2783.24,10
2,590.3100000000001,60
5,1283.78,80
2,245.94,74
46,24942.137499999924,2
3,596.4,100
2,618.6,372
38,9624.72,10
1,391.95,437
5,892.33,20
1,533.78,410
1,51.839999999999996,394
4,1009.13,398
5,1927.28,123
1,80.8,8
6,1545.6200000000001,4
15,3936.08,29
5,616.26,282
1,243.84,57
15,2042.28,1
3,2055.21,365
1,305.62,89
5,1789.22,393
3,808.76,554
2,452.78000000000003,432
1,1148.2,11
4,1541.23,163
2,582.61,679
1,332.3,65
3,536.99,23
4,1076.34,174
4,736.21,103
6,2121.63,143
2,288.42,99
9,1727.43,23
2,816.84,192
2,547.07,5
4,2370.2,361
10,1621.94,8
36,11841.35,14
2,406.02,454
4,417.06,103
13,2491.5,3
11,3310.97,11
2,182.59,465
1,488.01,96
1,106.94999999999999,382
1,181.39,686
7,2228.69,227
3,686.24,16
5,1822.49,39
1,341.7,51
5,380.78,393
1,113.5,112
2,513.32,157
4,1207.5,39
1,91.8,565
5,413.40999999999997,184
6,2126.79,1
2,898.96,228
6,1456.66,128
4,782.37,40
11,3157.98,31
4,979.96,197
44,21758.25,9
2,139.85,603
12,4006.06,37
3,1264.19,101
35,19367.63,43
2,614.34,563
1,253.88,618
3,842.41,50
2,614.89,43
4,1411.62,53
1,124.57,187
1,332.41,334
3,342.45,4
2,117.71000000000001,10
2,1408.96,417
2,328.4,24
3,358.49,15
1,352.8,443
10,4292.59,369
7,1892.96,145
3,1602.22,453
5,946.59,60
4,662.33,547
3,834.27,31
2,409.25,434
1,130.95,402
3,207.73999999999998,141
1,76.74000000000001,690
3,384.56,394
4,817.12,23
1,450.15999999999997,469
6,2795.54,22
6,1046.41,77
12,14089.05,5
1,209.89000000000001,379
11,4182.93,67
1,136.01,404
6,840.22,12
1,13.3,84
8,1813.21,31
1,103.67999999999999,67
3,705.12,67
19,2217.2599999999998,187
4,1035.57,38
4,683.35,15
1,134.0,456
3,658.17,35
3,408.4,401
6,2526.65,195
3,277.91,477
11,1719.54,2
7,726.05,1
2,249.47,367
3,1290.16,502
5,1098.7,65
1,103.95,555
2,287.58,299
5,885.21,26
8,1695.77,8
3,882.16,17
1,197.06,729
1,1660.68,116
3,1041.75,29
20,4612.96,4
17,4674.27,5
7,1397.47,82
9,1462.79,29
1,252.59,722
1,353.22,72
8,1504.76,4
2,255.25,636
15,4447.71,29
3,423.90999999999997,290
1,183.76,36
11,859.78,9
4,891.92,24
2,1719.08,277
16,3206.54,50
24,4909.66,156
1,348.85,411
3,403.01,61
1,607.88,573
32,13114.61,12
3,829.89,21
1,125.65,540
5,1106.81,371
3,260.81,116
26,3709.48,80
7,1295.39,4
3,378.89,26
23,5032.22,5
3,408.35,53
9,3076.1,1
6,2070.94,55
3,530.86,382
2,548.29,26
1,196.25,499
9,6241.31,9
3,431.65,489
8,6423.46,52
1,33.0,612
9,1904.99,13
3,809.13,212
1,101.36,610
33,8545.960000000001,22
5,1194.84,383
4,946.71,236
7,801.1700000000001,139
6,825.02,4
10,3520.77,57
3,1268.15,135
5,795.83,109
1,20.8,30
20,6081.88,1
6,1107.71,185
1,299.94,18
2,416.64,239
1,775.29,435
1,117.35000000000001,87
8,1988.93,39
3,786.16,116
1,251.04,410
1,110.55000000000001,187
2,207.85,733
1,192.07,227
7,2094.49,8
1,319.02,189
2,439.43,4
3,642.4,39
1,71.4,626
1,232.71,38
2,749.0,383
1,127.0,386
2,365.5,523
3,926.12,423
1,251.51999999999998,267
4,496.0,395
3,696.88,78
9,2859.74,4
3,1342.27,255
1,384.06,61
11,3473.5299999999997,13
9,10206.53,88
23,10021.86,17
11,3309.71,30
11,2468.25,3
2,380.47,5
6,956.85,7
2,344.0,219
1,1041.21,421
13,5334.1,11
2,1911.95,464
9,2123.61,30
3,702.0,288
5,402.0,150
2,484.82,23
2,406.3,396
19,6604.0,1
7,2571.55,86
4,828.21,402
4,2270.7200000000003,46
2,622.36,471
8,1633.02,5
7,1113.7,51
1,81.36,429
1,242.06,551
1,195.36,18
3,671.7,30
1,360.61,725
3,583.4300000000001,8
3,1838.6100000000001,29
1,548.2,577
29,12531.55,3
6,2287.7,41
11,3586.99,11
2,935.62,542
6,1170.6200000000001,442
2,260.0,31
3,797.98,417
3,95.85,45
5,1349.67,61
3,175.82999999999998,185
9,1148.63,79
3,1589.63,581
7,1844.42,111
1,146.87,64
6,2773.85,12
5,2896.69,603
4,1231.03,86
5,1274.17,16
4,613.59,246
1,172.7,383
1,1267.32,88
2,743.17,30
1,1940.59,604
2,463.25,138
6,1655.2,27
5,1036.58,3
8,2587.25,32
12,11786.300000000001,25
5,741.88,113
5,1906.07,157
6,2289.23,85
7,2044.48,118
19,9686.03,3
10,4344.06,96
4,706.49,194
1,399.09,28
1,498.48,131
5,1329.13,28
1,232.85,446
1,128.60000000000002,738
1,288.79,596
3,1179.89,82
9,4864.57,30
1,234.24,266
11,5229.03,74
6,884.71,314
13,3638.53,21
3,855.45,59
2,194.7,638
1,228.34,726
3,454.54,725
46,8980.18,12
14,5495.83,28
2,437.42,114
13,3793.71,28
1,273.35,625
4,1444.84,18
1,203.05,563
10,2229.43,18
6,1230.5,36
1,306.0,578
2,375.86,36
1,118.80000000000001,78
7,950.33,22
6,932.79,25
6,4507.53,33
9,4049.79,109
3,4996.81,35
28,7820.67,123
6,2043.43,7
1,221.53,738
4,1978.76,28
1,128.45,386
13,3080.1800000000003,4
19,7478.150000000001,3
11,5503.01,50
1,235.88,593
2,402.20000000000005,322
7,2538.65,23
11,3679.73,15
9,1126.16,2
3,591.0699999999999,382
1,579.97,533
2,971.74,18
7,2502.65,10
1,25.5,262
1,424.3,722
1,474.03,424
2,665.78,159
1,481.58,389
10,15934.4,33
1,174.95,664
8,1287.31,29
3,499.9,165
2,459.58,47
1,197.57,503
6,2291.19,574
8,796.92,6
7,2761.4900000000002,8
1,389.78,648
1,116.19999999999999,288
1,157.02,318
2,604.66,3
1,307.46,233
1,314.74,403
4,570.5,119
3,966.67,162
1,294.24,185
1,230.5,50
9,2008.93,152
5,1155.0300000000002,429
1,157.09,335
1,31.85,520
5,2455.9700000000003,5
2,1204.11,452
12,8432.73,16
3,625.3,107
10,1571.8799999999999,16
1,231.68,662
6,1099.81,416
7,4385.87,276
25,19228.46,16
1,454.12,247
4,727.58,418
4,1080.8,239
2,859.37,417
2,958.01,1
4,3056.23,513
13,5694.54,106
9,3193.35,23
1,124.88,52
1,143.10000000000002,451
6,1341.3500000000001,377
1,231.90000000000003,735
4,2016.5,195
1,213.78,24
1,329.34,75
7,883.34,18
1,591.87,492
19,5151.9,8
5,1980.0,32
5,2099.59,22
17,10204.66,31
1,856.01,444
10,1715.46,29
4,699.78,22
7,2461.95,33
6,1794.32,284
2,206.34,39
3,867.11,380
1,400.2,499
3,1156.73,58
2,178.68,374
2,384.59,289
3,956.5699999999999,79
8,3766.6,5
1,59.9,218
4,1394.29,44
3,902.3199999999999,202
1,117.30000000000001,505
1,418.56,731
6,1507.26,178
11,2230.17,56
3,276.65000000000003,57
2,321.3,423
6,3326.31,8
2,198.41000000000003,569
3,229.46,592
2,144.0,47
2,467.71,227
13,4592.93,11
5,953.63,106
7,1279.83,59
15,4302.9400000000005,28
1,75.28,536
9,2246.44,36
2,776.66,361
1,562.98,655
1,327.75,428
1,1013.01,30
3,692.22,24
1,135.04000000000002,582
4,280.39,387
4,1132.6,54
1,160.65,421
10,5564.09,36
9,5424.29,175
3,957.53,54
1,204.24,53
1,289.57,652
1,111.15,396
3,397.70000000000005,649
1,251.72,393
13,3736.1,27
3,794.41,253
13,4815.0,40
6,986.87,60
1,186.15,464
1,63.6,554
2,210.1,234
18,3873.99,4
2,259.13,32
21,4443.01,24
5,976.62,7
6,1549.21,65
3,523.04,310
1,73.66,501
1,131.15,582
3,895.47,309
12,1878.93,19
13,2820.03,16
2,318.76,96
18,9377.69,264
25,7037.8,12
2,417.77,3
3,558.66,35
1,149.89000000000001,183
8,1559.78,25
12,1873.26,13
4,994.13,11
32,7293.37,3
4,1189.45,313
1,130.6,596
12,2734.44,385
5,2889.28,108
46,20135.58,1
5,1826.04,53
2,371.63,205
2,38.92,547
1,269.49,15
2,500.54,120
1,68.03,429
2,374.77,4
3,798.98,363
2,348.91,117
1,172.86,18
3,469.48,5
4,781.7,41
5,498.93,107
2,189.78,436
2,417.3,397
6,1449.19,148
1,93.75,411
1,221.59,510
11,2446.76,52
1,63.440000000000005,208
1,268.28,424
2,550.01,139
5,501.71999999999997,2
2,317.2,127
11,1515.01,108
1,488.61,386
2,592.25,469
1,204.3,736
4,2148.63,42
1,141.12,424
2,573.22,35
1,106.9,383
1,476.04,402
2,1065.3500000000001,228
2,244.04,241
1,175.63,58
1,118.85999999999999,438
6,797.8499999999999,374
5,1997.3,130
1,188.46,379
7,2558.6,60
2,400.44,628
3,389.18,22
21,3714.2599999999998,26
11,2444.03,9
9,2030.2,32
8,1427.48,4
1,550.8000000000001,308
2,271.75,472
17,3692.98,8
2,467.78999999999996,669
3,547.0,29
1,331.73,730
1,128.18,17
5,938.36,101
6,993.23,12
2,393.64,391
2,294.39,21
5,1135.63,15
1,245.84,361
1,111.5,534
1,1982.8200000000002,649
21,7681.39,11
11,3851.57,395
2,874.0799999999999,393
3,320.39,95
2,627.3,387
6,3490.24,78
3,644.3,139
1,2328.84,31
17,4887.31,25
41,9443.22,2
1,124.45,420
3,2193.84,46
1,157.32999999999998,725
1,29.1,669
6,2444.85,100
6,1590.01,8
5,922.59,376
12,1547.64,15
12,2154.62,18
3,588.5699999999999,280
2,308.15,408
2,152.35,410
1,104.7,673
5,998.53,14
4,386.6,23
1,175.2,124
5,824.5699999999999,528
1,494.25,86
3,635.15,302
2,497.04,384
1,81.12,472
4,1979.61,151
17,11878.34,17
3,302.36,94
18,19567.75,30
5,1272.21,157
4,1148.0900000000001,380
6,1238.94,355
2,457.36,46
10,1580.23,15
26,4953.61,4
1,152.64000000000001,86
9,2426.79,15
5,739.41,179
7,1887.3,8
12,1964.38,36
1,36.25,696
4,2847.6,129
4,3133.96,51
1,273.31,386
5,946.47,312
2,382.19,24
5,856.8100000000001,303
2,284.46,11
6,1181.11,17
5,869.59,49
7,996.64,239
3,920.46,395
27,11547.89,1
15,8159.45,13
2,1077.24,432
1,167.55,238
14,2721.43,23
1,122.39999999999999,456
4,446.18,73
6,651.37,17
27,4293.86,41
7,1167.5,40
3,727.11,219
4,660.55,199
4,453.64,71
46,17635.03,24
1,10.95,374
1,389.71999999999997,11
3,645.0,434
38,21426.55,9
8,900.03,65
2,304.09,4
3,507.55,19
1,256.11,15
7,2146.13,8
2,746.81,20
11,1752.45,78
46,24942.137499999924,1
1,149.3,421
2,407.04,164
3,549.12,307
2,381.15,411
1,152.03,219
1,97.5,508
13,8391.6,39
3,1194.08,22
3,653.38,115
8,4612.4800000000005,126
1,114.85,541
22,4549.96,5
2,365.67,36
21,24942.137499999924,4
3,1027.21,1
13,3660.2,333
1,552.9,412
3,316.09000000000003,163
10,7535.11,185
5,1206.32,16
5,1425.38,12
16,3655.72,3
2,525.5799999999999,405
6,907.6800000000001,44
1,308.53999999999996,80
22,16981.05,30
1,164.18,549
3,670.0600000000001,42
18,6043.2,11
6,939.98,50
3,1059.41,386
11,3594.76,16
3,1118.95,46
2,759.17,19
13,7817.77,8
1,100.8,72
45,24942.137499999924,1
5,1357.46,128
4,622.57,33
1,403.3,313
9,1716.19,18
2,563.36,88
7,2356.2200000000003,2
1,322.95,411
5,534.06,2
1,362.48,530
5,1409.57,254
1,325.74,656
4,323.58,157
1,293.35,732
15,4613.9,37
1,152.64000000000001,220
2,2358.86,152
2,120.9,177
2,541.53,40
41,14445.47,529
13,4861.25,2
46,24942.137499999924,8
7,1721.4,1
2,486.71999999999997,18
10,1547.94,192
1,131.7,204
2,971.1600000000001,365
14,5923.37,127
2,529.58,15
2,657.3,43
16,2157.9700000000003,94
3,733.62,23
2,675.69,60
7,2531.36,16
3,907.14,158
7,2526.79,426
2,751.08,10
1,102.6,395
3,194.8,10
17,5047.05,16
11,2626.47,45
1,321.65000000000003,475
4,922.35,191
2,598.6,409
1,1047.0,600
1,194.37,79
2,477.26,396
2,1144.3,613
2,1272.8,408
1,389.26000000000005,633
2,882.23,78
4,1255.59,4
2,771.24,487
4,591.73,65
2,209.57,576
1,396.87,261
1,153.35000000000002,728
1,336.5,641
2,376.64,59
9,2750.5,1
17,5632.47,1
3,1122.42,248
1,100.91000000000001,385
1,54.699999999999996,502
3,806.72,8
4,1338.49,359
2,283.05,390
1,272.22,76
2,1324.19,290
3,198.75,17
2,288.6,221
4,689.1,9
2,558.96,3
18,9301.13,206
5,2432.28,162
1,302.2,76
2,605.58,262
8,4561.63,281
8,6083.64,58
2,514.56,25
46,24942.137499999924,3
18,5240.3,29
3,1158.8,72
2,522.0,128
9,1488.51,31
6,928.7,15
1,153.94,309
2,329.42,426
15,4656.77,17
1,540.41,54
5,1263.66,30
5,1066.15,2
4,570.96,11
3,539.14,361
3,1161.9,360
12,3903.24,5
4,939.37,54
8,3476.5,1
2,1228.85,610
12,2743.1,1
3,1266.82,190
1,65.34,386
1,34.8,435
5,1668.83,54
1,164.4,280
3,364.83,177
2,887.67,30
1,98.42,26
3,1157.6399999999999,628
6,1590.6000000000001,25
1,119.86,510
3,340.85,270
1,120.05,550
3,932.62,390
6,1373.26,43
2,639.0500000000001,376
4,731.26,234
2,148.86,24
9,2472.44,197
1,290.34,359
12,2786.77,60
4,1593.6,130
5,1907.45,1
5,1045.74,20
2,298.47,206
4,575.46,14
1,259.17,393
1,167.62,513
8,1895.8,95
4,703.02,19
7,1122.38,14
2,392.38,578
3,454.01,24
1,131.83,587
2,867.57,8
9,4814.88,7
1,374.45,633
1,344.14,332
5,1625.76,50
10,652.21,71
3,380.6,29
1,185.65,243
1,171.7,667
41,8616.0,8
2,348.75,645
7,1047.33,218
4,722.88,5
5,538.07,253
43,17571.87,1
5,1446.95,236
1,135.95,560
6,5173.62,7
7,2040.91,109
1,167.4,619
1,173.76,628
7,2929.11,100
18,13750.07,60
3,1458.12,2
8,2303.92,73
1,148.3,739
11,8085.72,4
4,2497.88,85
2,386.69,12
13,4437.46,23
5,3414.45,214
1,409.98,381
1,52.05,478
1,157.77,18
2,412.65999999999997,239
14,7295.63,2
4,1563.88,78
6,942.38,217
1,160.75,590
1,87.30000000000001,737
1,333.81,376
4,488.06,33
11,1863.76,41
5,1505.74,540
28,8274.93,7
18,5390.46,53
14,4544.55,23
1,386.32,57
6,721.8,130
4,734.4,174
1,385.19,559
11,3920.04,6
1,214.37,312
1,81.44,60
6,3175.12,21
2,1130.21,598
7,2348.9700000000003,33
4,1559.43,15
8,5978.9,18
1,254.0,603
1,291.88,479
1,75.75,81
10,2440.67,6
2,463.4,170
7,994.2900000000001,2
7,2057.39,31
9,2347.59,36
3,1176.78,424
1,285.56,19
2,547.0600000000001,31
2,795.6,647
6,615.17,276
6,3168.94,87
5,1824.49,120
2,439.7,373
20,6017.6,1
12,3820.79,219
3,314.26,65
5,2216.37,61
3,1574.69,138
1,166.08,21
16,5703.52,12
12,4856.77,25
4,1013.27,37
1,117.55,277
9,2925.98,11
5,1674.69,73
1,126.0,430
2,595.42,26
14,3534.4900000000002,17
2,342.22,141
2,412.92,662
17,4937.43,26
4,1166.23,19
1,545.82,493
5,2047.8,4
9,3950.7,66
2,341.15,1
10,6142.35,43
1,205.7,228
5,1966.16,16
6,5642.74,50
13,4173.88,2
2,551.04,74
46,24942.137499999924,1
10,2448.64,4
46,24942.137499999924,2
2,585.36,264
7,3550.41,53
3,401.45,24
5,731.2,597
11,4059.88,10
3,819.01,386
1,239.41,44
12,5454.95,17
9,8240.210000000001,7
1,432.68,421
1,304.2,394
2,317.08,388
20,6426.0,30
4,637.5500000000001,358
12,2956.24,127
1,200.47,137
3,1695.97,142
5,1746.04,132
27,7677.39,38
1,338.95,236
1,154.95,261
2,442.0,477
14,6532.12,17
1,417.95,253
6,3141.84,30
4,1094.84,35
2,885.19,169
11,2083.9,3
31,19891.25,4
8,609.3000000000001,185
4,884.1800000000001,188
5,606.61,170
1,285.1,424
2,385.1,11
1,468.51,45
4,1185.89,382
5,1391.38,321
2,244.79999999999998,201
24,15923.57,23
1,376.92,421
2,439.18,232
15,5379.44,38
10,2615.5099999999998,26
1,307.21000000000004,659
5,3485.42,96
7,3096.2000000000003,127
3,1033.0,71
11,3424.18,16
7,1092.06,395
1,1060.25,15
5,4209.36,4
1,434.45,596
20,7773.8,3
6,1671.19,79
8,2144.62,373
2,689.99,39
6,1425.52,54
26,16570.88,2
3,350.24,9
2,168.24,9
13,4168.76,19
18,7730.59,12
6,426.9,389
2,101.1,407
11,1952.28,113
1,229.2,448
7,2648.42,4
2,557.14,478
4,904.1800000000001,240
1,71.4,113
1,358.15,527
3,1019.78,178
9,1694.16,5
1,157.85999999999999,421
1,60.48,359
4,382.06,464
13,4451.22,1
3,728.75,376
46,8921.78,1
12,4960.83,19
5,1260.63,17
6,746.39,22
1,712.78,33
1,129.75,456
4,86.15,263
5,1506.17,51
4,492.6,159
2,299.61,381
2,413.05,15
7,3274.33,8
17,7030.18,13
5,1143.27,199
4,378.53,57
3,358.55,11
2,575.37,514
9,3259.83,97
1,56.4,255
2,325.1,387
3,647.56,25
1,197.70000000000002,662
3,650.32,21
3,346.56,667
2,188.02,159
2,679.02,383
3,376.96,72
1,112.86,550
3,403.38,53
2,266.85,85
4,1817.54,153
2,1112.95,74
2,397.15,281
20,2771.01,27
1,106.1,30
2,368.35,467
1,296.14,25
2,147.3,687
2,338.63,180
7,1236.39,40
8,1969.67,22
1,172.17,582
20,6225.73,22
9,1186.21,37
3,770.03,451
10,4946.22,82
1,184.66,392
3,383.78000000000003,376
2,512.31,74
1,546.04,11
3,430.67,395
4,262.64,549
20,10085.89,16
2,337.01,669
46,9457.7,4
7,882.1899999999999,13
5,1633.17,14
2,1548.8899999999999,375
1,591.96,393
6,96.11,37
6,597.1,4
1,124.78,738
12,6015.65,72
1,178.41,374
1,334.62,406
5,2149.88,420
2,440.85,421
1,298.4,51
4,695.6,599
1,133.34,374
6,2376.17,5
4,1165.09,23
5,4756.74,299
3,398.7,2
1,35.400000000000006,33
1,155.37,50
1,338.46000000000004,723
2,605.55,415
3,342.24,3
1,109.83,47
8,1521.53,42
13,5468.39,27
1,318.15,42
1,175.9,444
46,24942.137499999924,2
1,430.69,602
2,312.65,303
1,51.559999999999995,107
4,588.89,555
2,125.74000000000001,516
30,3386.54,81
8,814.5600000000001,218
46,24942.137499999924,372
6,1550.15,422
5,657.8100000000001,12
3,1596.29,407
6,1065.3,185
1,208.97,373
4,1263.14,2
23,12259.460000000001,4
30,11387.23,6
1,141.92000000000002,305
4,691.79,369
18,5052.29,3
4,1248.49,324
12,5360.48,59
5,876.57,13
46,24942.137499999924,31
3,1134.95,143
14,1244.52,30
1,227.15,386
7,744.84,107
13,2593.89,2
5,1066.75,205
1,235.87,382
18,6135.95,80
6,675.0600000000001,185
1,167.1,688
3,1006.56,400
1,237.61,170
3,1378.93,44
1,178.51999999999998,174
3,824.9200000000001,365
1,133.35000000000002,304
2,291.56,379
7,988.42,3
20,2693.47,4
1,156.34,12
6,1543.75,32
1,96.95,129
25,1787.28,21
7,746.42,212
2,586.89,323
1,203.85999999999999,162
3,244.1,56
1,107.21,225
18,2282.16,72
1,95.45,44
1,256.32,23
9,1993.24,173
4,295.98,85
1,150.35,159
2,109.94999999999999,190
3,212.68,29
1,204.88,547
1,381.09000000000003,394
1,181.07,21
13,1967.32,71
1,68.7,247
1,110.32000000000001,641
5,1101.47,374
1,110.05,737
1,261.7,726
1,366.23,9
6,371.6,310
14,3425.09,59
1,329.36,4
1,225.78,551
2,43.87,629
3,330.83,45
3,388.44,501
2,1840.32,88
46,23476.64,4
10,2377.16,64
1,170.4,543
3,497.0,282
8,3257.7000000000003,12
1,244.08,373
5,1035.49,133
1,294.0,722
3,308.96000000000004,45
12,3082.1,11
13,3912.34,36
14,3383.84,134
3,1331.57,29
1,105.99,632
3,1044.95,52
7,683.24,138
1,380.13,5
7,4301.22,9
1,144.29,420
1,99.14,160
14,1632.96,49
4,1109.52,131
1,77.50000000000001,8
1,74.99,423
3,359.5,697
2,125.17999999999999,233
1,176.68,37
1,358.56000000000006,147
46,24942.137499999924,1
7,1163.09,72
4,1340.5800000000002,40
4,782.06,378
1,148.67000000000002,540
19,3741.35,5
6,816.54,199
1,12.75,249
1,110.72,66
2,971.68,117
1,113.55000000000001,592
3,135.08,171
46,2728.69,21
4,665.91,142
4,631.76,471
2,459.01,32
29,6983.45,38
10,1822.8,38
2,223.42,372
4,590.4399999999999,374
20,2316.69,166
1,562.79,211
1,161.94,548
1,131.99,242
1,337.04,52
6,1739.09,25
24,6663.030000000001,15
1,321.79,372
2,1468.25,29
4,871.31,365
4,729.01,36
4,1012.72,166
1,239.12,411
1,138.18,681
1,171.71,395
5,1144.49,145
1,631.35,22
1,20.8,56
5,965.4399999999999,185
13,456.29,12
1,207.32999999999998,379
6,1527.6100000000001,237
3,291.45,225
1,252.88,389
1,225.99,617
11,2167.75,122
3,495.48,282
3,469.73,380
8,1928.86,74
3,606.04,380
3,524.26,37
1,124.25,564
6,917.74,12
4,213.22,376
1,353.51,376
1,157.92,362
2,222.27,4
4,969.51,23
1,211.02,393
23,6034.1,70
8,2137.83,235
1,170.6,257
2,407.59000000000003,373
1,91.9,723
2,187.29,155
1,154.27,28
1,120.03,4
7,1946.16,32
4,688.0,81
4,280.79,108
1,38.45,52
1,187.28,544
2,216.41,510
5,1504.42,36
2,389.78,153
6,1177.72,380
2,2074.07,501
1,115.31,99
1,192.05,583
1,433.77,642
2,194.05,4
1,451.3,379
1,73.5,334
1,93.82000000000001,65
3,753.35,22
5,1253.83,36
11,1534.09,32
15,151.01999999999998,154
1,134.28,556
4,548.22,374
2,357.20000000000005,19
38,8015.57,12
2,281.15,54
3,525.09,25
18,3480.41,4
1,178.34,45
1,162.43,650
2,321.69,381
3,394.93,203
2,498.3,437
2,409.86,359
7,2282.28,634
1,1512.0,565
3,571.07,71
1,176.5,393
14,10047.24,7
2,531.4,288
3,1168.14,393
3,774.06,10
3,306.46,23
2,1185.46,408
28,5890.13,22
6,1630.47,173
2,186.60000000000002,391
11,4441.03,133
28,5815.2300000000005,6
3,1411.8,75
1,396.33,40
1,76.5,289
11,4449.02,26
1,314.1,669
6,1169.68,258
1,247.44,186
12,3189.38,114
2,1019.44,374
20,5742.6900000000005,23
1,151.49,380
18,4078.79,8
4,721.13,217
5,3471.45,45
2,547.2,19
3,343.45,36
1,680.84,26
1,459.33,398
3,547.86,16
4,1341.8500000000001,330
1,101.34,274
16,10272.539999999999,291
1,166.03,61
1,414.05,447
1,321.9,422
1,360.85,593
18,13163.92,2
8,4380.71,93
13,5958.68,82
5,2303.09,313
6,1635.96,12
11,4615.12,8
1,523.54,396
1,168.31,127
1,451.56,550
5,609.81,11
46,24942.137499999924,1
1,105.8,549
1,754.64,37
1,113.48000000000002,38
6,1441.06,330
1,161.68,442
3,848.8100000000001,254
38,8958.67,2
2,392.28000000000003,20
1,399.45,589
4,773.36,12
1,76.32000000000001,369
1,203.7,290
1,9.700000000000001,698
13,2126.69,68
1,314.4,26
29,6177.82,11
1,180.7,368
1,111.15,214
2,653.3,149
6,1762.44,8
3,666.64,24
1,102.65,472
4,1131.75,30
1,198.58,61
4,543.88,19
1,399.29,537
1,112.55000000000001,243
3,1055.49,15
1,171.11999999999998,632
1,220.13,504
1,99.35999999999999,212
2,442.8,598
10,1249.6200000000001,29
5,1631.3600000000001,63
2,145.99,551
1,152.65,295
6,8338.74,18
1,536.41,474
2,882.47,402
2,810.48,157
2,1000.16,117
19,4743.15,8
11,5584.14,13
2,160.35000000000002,141
2,179.33999999999997,46
1,112.85000000000001,647
7,1553.96,51
3,566.58,32
6,1789.24,135
1,420.28999999999996,646
1,246.22,659
5,932.6,3
3,371.62,75
2,675.64,13
1,209.7,571
2,453.4,9
1,523.75,301
3,1003.88,57
6,1803.1000000000001,15
1,371.51,732
1,728.84,584
1,399.65000000000003,37
1,302.46000000000004,177
1,175.5,624
3,1384.8600000000001,23
16,3435.5,176
1,202.65,61
9,2869.6,33
9,2344.91,59
46,17138.99,15
5,2696.36,87
2,162.5,7
1,176.1,676
1,476.35,358
9,2216.32,31
11,6076.54,129
8,2281.11,9
6,1843.75,5
5,1184.14,24
1,291.13,463
2,629.87,227
1,49.8,15
1,304.25,249
1,329.58,723
1,722.69,632
6,3280.59,15
3,1403.73,78
5,745.62,192
2,529.4,262
1,957.97,72
3,1158.75,165
6,4139.54,82
1,101.16,387
4,1452.07,95
1,230.1,576
17,4865.88,4
1,344.75,684
1,150.35,106
1,447.53000000000003,723
3,1388.59,200
4,478.12,157
3,1975.35,71
2,517.36,36
1,314.65999999999997,553
1,538.27,499
1,350.68,566
1,139.10000000000002,29
7,2764.63,2
5,600.07,26
2,514.37,326
1,232.48000000000002,237
4,1780.34,531
5,2232.4900000000002,89
1,469.5,31
4,945.04,29
4,1121.84,211
17,3315.9500000000003,3
6,1921.76,227
6,1424.94,22
1,440.8,93
26,14000.85,5
1,158.95000000000002,264
26,13014.8,3
26,11543.08,44
2,106.5,218
2,779.9,57
28,10009.710000000001,12
9,4291.06,9
28,6848.27,192
4,592.97,82
1,51.0,326
1,179.6,552
3,1775.28,72
12,1795.3500000000001,30
5,987.1,3
1,270.92,515
6,1708.06,219
1,422.58,46
21,2986.9900000000002,10
8,3595.61,72
1,515.78,414
2,454.71999999999997,431
20,6322.78,7
3,758.8199999999999,24
3,839.73,415
2,749.62,123
1,95.34,17
1,349.27,310
9,12463.88,87
7,1519.29,51
1,317.88,643
1,267.9,581
2,303.15,89
1,110.7,388
12,4585.15,39
6,2059.67,464
7,3941.9,25
23,9296.36,173
2,324.24,43
3,577.54,140
3,1213.1599999999999,26
1,603.25,499
2,797.01,72
1,251.1,434
1,269.37,673
6,1490.23,134
1,168.6,366
3,444.55,38
2,680.85,610
9,4385.9800000000005,3
4,357.0,2
1,175.92,30
2,741.85,578
6,1656.52,44
5,1112.8500000000001,58
2,414.20000000000005,74
1,231.33999999999997,519
2,488.15000000000003,278
2,192.74,181
2,178.05,8
22,2655.75,4
1,411.68,432
1,372.59999999999997,661
2,1207.63,477
7,4132.99,43
